Num_Acc;id_vehicule;num_veh;senc;catv;obs;obsm;choc;manv;motor;occutc
202000007573;154 728 917;B01;3;1;0;2;8;2;5;
202000007580;154 728 906;A01;1;1;0;2;4;1;5;
202000007581;154 728 905;B01;1;1;0;2;1;1;5;
202000007587;154 728 894;B01;1;1;0;2;5;1;5;
202000007591;154 728 888;A01;1;1;0;2;0;2;5;
202000007595;154 728 880;Z01;1;1;0;2;1;1;5;
202000007601;154 728 869;A01;1;1;0;2;8;15;5;
202000007605;154 728 862;A01;2;1;8;0;3;1;5;
202000007607;154 728 860;A01;1;1;0;1;2;1;5;
202000007608;154 728 859;A01;1;1;0;0;0;21;5;
202000007610;154 728 857;A01;1;1;0;0;0;25;5;
202000007655;154 728 780;B01;2;1;0;2;4;23;5;
202000007657;154 728 774;B01;2;1;0;2;8;14;5;
202000007661;154 728 766;A01;1;1;12;0;7;1;5;
202000007684;154 728 732;B01;1;1;0;2;3;1;5;
202000007716;154 728 679;B01;2;1;0;2;1;2;5;
202000007756;154 728 605;A01;1;1;0;0;3;1;5;
202000007806;154 728 516;B01;3;1;0;2;7;19;5;
202000007807;154 728 519;B01;2;1;0;2;4;15;0;
202000007812;154 728 511;B01;3;1;0;2;1;5;0;
202000007813;154 728 506;B01;2;1;0;2;0;1;5;
202000007817;154 728 499;A01;3;1;0;2;1;19;5;
202000007830;154 728 472;A01;1;1;0;2;1;15;5;
202000007830;154 728 473;B01;2;1;0;2;1;1;5;
202000007833;154 728 466;B01;2;1;0;2;7;1;5;
202000007859;154 728 424;B01;3;1;0;2;1;3;5;
202000007869;154 728 406;B01;0;1;0;2;7;1;5;
202000007871;154 728 402;A01;3;1;0;0;1;26;5;
202000007887;154 728 374;B01;1;1;0;0;8;1;6;
202000007895;154 728 364;C01;3;1;0;9;4;2;5;
202000007895;154 728 365;B01;3;1;0;2;0;26;5;
202000007908;154 728 332;A01;3;1;0;2;8;1;5;
202000007912;154 728 326;A01;3;1;0;0;0;1;5;
202000007921;154 728 311;A01;2;1;0;2;1;1;5;
202000007939;154 728 285;B01;1;1;0;2;1;13;5;
202000007944;154 728 274;B01;1;1;0;2;5;1;5;
202000007952;154 728 262;B01;1;1;0;2;6;2;5;
202000007954;154 728 258;B01;0;1;0;2;4;1;5;
202000007958;154 728 252;B01;1;80;0;2;1;1;3;
202000007959;154 728 246;B01;1;1;0;2;1;1;5;
202000007978;154 728 217;A01;1;1;0;2;0;1;5;
202000007979;154 728 214;B01;2;1;0;2;1;1;5;
202000007984;154 728 206;B01;1;1;0;2;1;1;5;
202000007986;154 728 203;B01;1;1;0;2;1;1;5;
202000007987;154 728 201;A01;2;1;12;0;0;14;5;
202000007989;154 728 198;B01;2;1;0;2;1;1;5;
202000007991;154 728 193;A01;1;1;0;2;0;1;5;
202000007992;154 728 192;A01;1;1;0;2;1;7;5;
202000007994;154 728 188;A01;3;1;0;2;7;9;5;
202000007994;154 728 189;B01;3;1;0;2;8;1;5;
202000007996;154 728 186;A01;1;1;15;0;8;21;5;
202000008011;154 728 163;A01;2;1;0;1;1;1;5;
202000008030;154 728 131;A01;2;1;0;0;6;1;5;
202000008035;154 728 121;A01;0;1;0;0;9;0;5;
202000008043;154 728 102;A01;1;80;0;2;5;1;3;
202000008059;154 728 078;B01;2;1;0;2;1;1;5;
202000008065;154 728 067;B01;2;1;0;2;1;1;5;
202000008111;154 727 976;B01;3;1;0;2;1;19;5;
202000008122;154 727 955;B01;2;1;0;2;3;1;5;
202000008127;154 727 946;B01;3;1;0;2;1;26;5;
202000008130;154 727 940;B01;1;1;0;2;4;1;5;
202000008131;154 727 938;B01;1;1;0;2;1;1;5;
202000008148;154 727 912;A01;3;1;0;1;2;2;5;
202000008151;154 727 908;B01;3;80;0;2;1;1;3;
202000008158;154 727 896;A01;2;1;0;2;8;9;5;
202000008163;154 727 887;B01;3;1;0;2;1;1;5;
202000008169;154 727 876;A01;3;1;0;1;1;5;5;
202000008171;154 727 873;A01;1;1;0;0;0;1;5;
202000008172;154 727 872;A01;1;1;0;0;0;1;5;
202000008179;154 727 859;B01;3;1;0;2;1;25;6;
202000008189;154 727 841;B01;1;1;0;2;5;1;5;
202000008211;154 727 802;B01;1;1;0;2;3;2;5;
202000008222;154 727 783;A01;1;1;0;2;2;1;5;
202000008232;154 727 767;B01;0;1;0;2;2;1;5;
202000008236;154 727 759;A01;3;1;0;0;1;0;5;
202000008241;154 727 751;B01;2;1;0;2;1;1;5;
202000008241;154 727 752;C01;2;1;0;2;1;1;5;
202000008250;154 727 734;A01;2;1;12;2;1;1;5;
202000008253;154 727 729;B01;1;1;0;0;6;2;5;
202000008273;154 727 698;B01;1;1;0;2;2;1;5;
202000008285;154 727 678;B01;3;1;0;2;8;0;5;
202000008288;154 727 674;A01;2;1;0;2;1;26;5;
202000008292;154 727 666;B01;1;1;0;2;6;19;5;
202000008312;154 727 631;B01;1;1;0;2;8;9;5;
202000008317;154 727 623;B01;2;1;0;2;2;1;5;
202000008318;154 727 620;B01;1;1;0;2;1;1;5;
202000008325;154 727 607;B01;2;1;1;0;1;1;0;
202000008328;154 727 602;B01;1;1;0;2;1;1;5;
202000008329;154 727 600;B01;2;1;0;2;2;1;0;
202000008331;154 727 596;A01;1;1;0;2;4;1;5;
202000008332;154 727 593;B01;1;1;0;2;0;19;5;
202000008347;154 727 570;A01;3;1;0;0;1;1;5;
202000008388;154 727 493;A01;1;1;0;2;1;2;5;
202000008399;154 727 473;A01;3;1;12;0;1;14;5;
202000008415;154 727 445;A01;0;1;0;2;0;0;5;
202000008417;154 727 441;A01;3;1;0;2;7;0;5;
202000008417;154 727 442;B01;3;1;0;2;8;0;5;
202000008442;154 727 399;A01;3;1;0;0;0;1;5;
202000008467;154 727 362;B01;3;1;0;0;1;1;5;
202000008488;154 727 323;A01;0;1;0;2;8;1;5;
202000008489;154 727 322;B01;1;1;0;2;2;1;5;
202000008496;154 727 308;B01;0;1;0;0;7;19;5;
202000008509;154 727 285;B01;2;1;0;2;2;1;5;
202000008513;154 727 276;B01;2;1;0;2;3;1;5;
202000008514;154 727 274;A01;2;1;0;1;1;1;5;
202000008515;154 727 272;B01;1;1;0;2;1;1;5;
202000008517;154 727 268;A01;1;1;0;2;2;15;5;
202000008521;154 727 262;A01;1;1;14;0;1;13;5;
202000008522;154 727 261;A01;1;80;14;0;7;13;3;
202000008532;154 727 246;A01;1;1;0;2;3;15;5;
202000008537;154 727 238;B01;1;1;0;2;4;1;2;
202000008554;154 727 212;B01;2;1;0;2;1;1;5;
202000008562;154 727 200;A01;1;1;1;0;8;14;5;
202000008585;154 727 163;A01;1;1;0;0;0;1;5;
202000008596;154 727 137;A01;2;1;0;2;1;1;5;
202000008611;154 727 112;B01;2;1;0;2;8;1;5;
202000008616;154 727 104;B01;1;1;0;2;1;1;5;
202000008620;154 727 099;A01;1;1;0;2;8;19;5;
202000008622;154 727 095;B01;3;1;0;2;8;15;5;
202000008623;154 727 094;B01;1;1;0;2;1;1;5;
202000008645;154 727 058;A01;1;1;0;2;0;1;5;
202000008648;154 727 051;B01;2;1;0;2;8;1;5;
202000008664;154 727 026;B01;1;80;0;2;1;19;3;
202000008668;154 727 018;D01;1;1;0;2;1;1;5;
202000008668;154 727 019;F01;1;1;0;2;1;2;-1;
202000008673;154 727 007;B01;1;1;0;2;4;0;5;
202000008681;154 726 995;A01;2;80;0;0;7;15;3;
202000008683;154 726 993;B01;3;1;0;2;1;1;0;
202000008685;154 726 988;A01;1;1;0;2;2;1;0;
202000008697;154 726 967;B01;0;1;0;2;8;1;5;
202000008712;154 726 935;B01;1;1;0;2;1;23;0;
202000008742;154 726 883;A01;1;1;0;0;0;0;5;
202000008743;154 726 882;B01;1;1;0;2;1;0;5;
202000008752;154 726 866;B01;2;1;0;2;2;1;5;
202000008765;154 726 842;B01;1;1;0;2;3;1;5;
202000008767;154 726 839;A01;1;1;0;2;4;1;5;
202000008792;154 726 792;B01;1;1;0;2;7;12;5;
202000008800;154 726 777;B01;2;1;12;2;1;1;5;
202000008804;154 726 771;B01;1;1;0;2;1;1;5;
202000008807;154 726 766;B01;1;1;0;2;8;19;5;
202000008808;154 726 764;A01;3;1;0;2;3;15;5;
202000008811;154 726 760;A01;3;1;0;0;1;1;6;
202000008823;154 726 742;A01;0;1;0;0;0;1;5;
202000008885;154 726 637;B01;1;1;0;2;4;19;5;
202000008888;154 726 631;B01;1;1;0;2;8;1;5;
202000008891;154 726 627;B01;1;80;0;2;3;16;3;
202000008898;154 726 616;B01;1;1;0;2;4;1;5;
202000008906;154 726 605;B01;0;1;0;2;1;1;5;
202000008908;154 726 600;B01;2;1;0;2;8;1;5;
202000008908;154 726 602;C01;2;1;0;2;4;1;5;
202000008909;154 726 598;B01;0;1;0;2;1;1;5;
202000008914;154 726 589;B01;2;1;0;2;5;1;5;
202000008916;154 726 586;A01;1;1;0;2;1;9;5;
202000008922;154 726 571;B01;0;1;0;2;7;19;5;
202000008958;154 726 514;B01;3;1;0;2;1;1;0;
202000008967;154 726 496;B01;1;1;0;2;5;1;5;
202000008989;154 726 449;A01;1;1;0;2;4;11;5;
202000008992;154 726 444;A01;2;1;0;1;1;1;5;
202000008999;154 726 434;B01;2;1;0;2;1;1;5;
202000009000;154 726 431;B01;2;1;0;2;1;1;5;
202000009001;154 726 429;A01;2;1;0;2;6;5;5;
202000009005;154 726 425;A01;1;1;0;1;7;1;5;
202000009019;154 726 401;A01;1;1;0;1;1;5;5;
202000009029;154 726 384;B01;2;1;0;2;2;1;5;
202000009036;154 726 372;B01;1;1;0;2;6;15;5;
202000009037;154 726 371;A01;2;1;0;0;1;1;5;
202000009040;154 726 365;B01;2;1;0;2;7;1;5;
202000009045;154 726 357;B01;1;1;0;2;1;1;5;
202000009048;154 726 351;B01;1;1;0;2;4;1;5;
202000009069;154 726 312;B01;1;1;0;2;1;15;6;
202000009094;154 726 265;A01;1;1;0;0;0;0;0;
202000009109;154 726 237;B01;1;1;0;2;1;1;5;
202000009115;154 726 227;B01;1;80;0;2;4;23;3;
202000009127;154 726 201;B01;2;1;0;2;7;1;5;
202000009139;154 726 177;A01;1;1;0;2;1;1;5;
202000009150;154 726 155;B01;3;1;0;2;7;1;5;
202000009160;154 726 137;A01;2;1;0;2;7;1;5;
202000009169;154 726 120;A01;1;1;0;2;0;15;5;
202000009176;154 726 107;B01;1;1;0;2;8;9;5;
202000009178;154 726 103;A01;3;1;0;2;7;1;5;
202000009179;154 726 102;A01;1;1;0;2;0;1;5;
202000009188;154 726 085;B01;1;1;0;2;4;2;5;
202000009192;154 726 078;A01;2;1;0;2;1;26;5;
202000009197;154 726 069;B01;0;1;0;2;1;19;0;
202000009199;154 726 064;B01;3;1;0;2;1;11;5;
202000009209;154 726 046;B01;1;1;0;2;1;1;6;
202000009225;154 726 017;A01;3;1;0;0;7;1;5;
202000009235;154 726 000;A01;2;1;0;0;0;2;5;
202000009253;154 725 972;A01;1;1;0;2;5;1;6;
202000009285;154 725 920;A01;1;1;0;1;1;1;5;
202000009288;154 725 915;B01;1;1;0;2;1;2;5;
202000009290;154 725 912;A01;2;1;0;0;0;1;5;
202000009292;154 725 908;B01;1;1;0;0;3;1;5;
202000009293;154 725 906;B01;0;1;0;2;1;5;0;
202000009308;154 725 880;A01;3;1;1;2;5;2;0;
202000009327;154 725 852;A01;0;80;0;2;5;1;3;
202000009335;154 725 841;A01;2;1;16;0;1;15;5;
202000009370;154 725 776;A01;2;1;0;2;1;19;5;
202000009378;154 725 762;B01;2;1;0;2;1;1;5;
202000009381;154 725 756;B01;2;1;0;2;8;13;0;
202000009386;154 725 750;B01;2;1;0;2;1;16;5;
202000009402;154 725 724;A01;0;1;0;2;0;26;5;
202000009410;154 725 707;B01;0;1;0;2;1;1;5;
202000009416;154 725 697;C01;1;1;0;2;2;1;0;
202000009429;154 725 671;B01;1;1;0;2;7;12;5;
202000009442;154 725 650;A01;2;1;0;0;0;0;5;
202000009443;154 725 649;B01;2;1;0;2;1;1;5;
202000009446;154 725 644;B01;2;1;0;2;1;17;0;
202000009447;154 725 639;C01;2;1;0;2;0;2;5;
202000009447;154 725 640;B01;2;1;0;2;0;2;5;
202000009447;154 725 641;D01;2;1;0;2;0;2;5;
202000009447;154 725 642;A01;2;1;0;2;0;2;5;
202000009453;154 725 625;B01;3;1;0;2;3;15;5;
202000009467;154 725 606;B01;1;1;0;2;1;1;5;
202000009469;154 725 603;A01;1;80;0;0;0;0;3;
202000009474;154 725 595;B01;3;1;0;0;7;2;5;
202000009474;154 725 596;A01;3;1;0;0;8;26;5;
202000009475;154 725 593;A01;1;1;1;0;1;1;5;
202000009476;154 725 592;A01;3;1;0;2;1;16;5;
202000009477;154 725 589;B01;2;1;0;2;4;15;5;
202000009478;154 725 588;A01;3;1;0;0;1;0;5;
202000009481;154 725 583;B01;2;1;0;2;2;17;5;
202000009486;154 725 577;A01;2;1;0;1;8;1;5;
202000009486;154 725 578;B01;2;1;0;5;8;1;5;
202000009487;154 725 576;B01;1;1;0;2;8;13;5;
202000009511;154 725 536;B01;3;80;0;2;1;1;3;
202000009528;154 725 504;B01;2;1;0;2;3;1;5;
202000009531;154 725 500;B01;2;1;1;0;1;1;5;
202000009557;154 725 451;A01;1;1;1;0;5;1;5;
202000009571;154 725 430;A01;3;1;0;2;1;1;5;
202000009576;154 725 422;B01;2;1;0;2;1;1;5;
202000009581;154 725 411;C01;2;1;0;2;8;1;0;
202000009581;154 725 412;D01;2;1;0;2;8;1;0;
202000009585;154 725 404;B01;2;80;0;2;8;13;3;
202000009595;154 725 389;B01;3;1;0;2;1;26;5;
202000009599;154 725 384;B01;1;1;0;2;7;0;5;
202000009628;154 725 331;B01;2;1;0;2;7;19;5;
202000009642;154 725 305;A01;2;1;0;2;0;18;5;
202000009648;154 725 296;B01;2;1;0;2;7;1;5;
202000009655;154 725 280;A01;1;1;0;2;7;15;5;
202000009657;154 725 276;A01;2;1;0;2;5;1;5;
202000009657;154 725 277;B01;1;1;0;2;5;1;5;
202000009662;154 725 270;B01;2;1;0;2;0;1;5;
202000009666;154 725 262;B01;2;1;0;2;1;1;0;
202000009667;154 725 261;B01;1;1;0;2;2;1;5;
202000009669;154 725 257;Z01;2;1;0;2;1;19;5;
202000009670;154 725 254;B01;1;1;0;2;1;1;5;
202000009673;154 725 249;A01;1;1;0;2;1;5;5;
202000009687;154 725 225;B01;0;1;0;2;8;5;5;
202000009692;154 725 215;B01;1;1;0;2;8;15;5;
202000009696;154 725 203;B01;2;1;0;2;4;1;5;
202000009699;154 725 197;A01;0;1;0;2;7;13;5;
202000009704;154 725 190;A01;3;1;1;2;1;2;5;
202000009709;154 725 179;B01;2;1;0;2;1;0;5;
202000009715;154 725 170;A01;3;1;0;2;0;1;5;
202000009766;154 725 075;B01;1;1;0;2;0;1;0;
202000009776;154 725 056;B01;1;1;0;2;0;1;0;
202000009780;154 725 049;B01;1;1;0;2;8;2;-1;
202000009784;154 725 043;A01;2;1;0;1;1;1;5;
202000009799;154 725 017;A01;0;1;0;1;1;1;5;
202000009819;154 724 984;B01;2;1;0;2;3;13;5;
202000009821;154 724 981;B01;2;1;0;2;1;1;5;
202000009824;154 724 975;B01;2;1;0;2;2;1;5;
202000009848;154 724 934;B01;3;1;0;2;4;1;5;
202000009852;154 724 925;A01;1;1;0;2;1;1;5;
202000009853;154 724 923;B01;1;1;0;2;7;26;5;
202000009858;154 724 912;B01;1;1;0;2;1;1;5;
202000009860;154 724 908;B01;1;1;0;2;3;15;5;
202000009862;154 724 903;B01;3;1;0;2;7;19;5;
202000009868;154 724 894;B01;3;1;0;2;1;25;5;
202000009873;154 724 887;A01;1;80;0;2;1;1;3;
202000009874;154 724 884;B01;0;1;0;2;1;1;5;
202000009878;154 724 876;A01;1;1;0;2;8;1;5;
202000009889;154 724 858;A01;1;1;0;0;0;0;5;
202000009895;154 724 848;A01;2;1;0;1;1;1;5;
202000009896;154 724 847;A01;2;1;0;2;8;11;5;
202000009902;154 724 834;A01;2;1;0;2;1;1;5;
202000009903;154 724 833;B01;2;1;0;2;1;1;5;
202000009908;154 724 822;A01;2;1;0;1;1;1;5;
202000009909;154 724 821;Z01;1;1;0;1;0;1;5;
202000009923;154 724 798;A01;3;1;0;0;0;1;5;
202000009957;154 724 741;B01;1;1;0;2;3;1;5;
202000010022;154 724 617;B01;0;1;0;2;0;25;5;
202000010039;154 724 588;A01;2;1;0;2;8;13;5;
202000010040;154 724 587;A01;2;1;0;2;8;19;2;
202000010043;154 724 582;A01;3;1;0;2;3;15;5;
202000010044;154 724 580;B01;1;80;1;0;1;1;3;
202000010045;154 724 578;B01;1;80;0;2;3;13;3;
202000010050;154 724 571;B01;1;1;0;2;8;1;5;
202000010069;154 724 538;A01;0;1;0;0;0;0;5;
202000010071;154 724 535;A01;3;1;0;2;0;8;5;
202000010080;154 724 519;B01;1;1;1;2;1;2;6;
202000010084;154 724 510;B01;1;1;0;2;7;3;5;
202000010092;154 724 498;A01;1;1;0;2;8;11;5;
202000010093;154 724 497;A01;1;1;0;0;0;1;5;
202000010096;154 724 491;B01;1;1;0;2;8;1;5;
202000010103;154 724 477;B01;2;1;0;2;8;1;5;
202000010115;154 724 457;A01;2;1;0;0;0;25;5;
202000010124;154 724 439;A01;2;1;0;2;1;16;5;
202000010125;154 724 438;B01;2;1;0;2;6;1;5;
202000010127;154 724 434;A01;1;1;0;0;0;25;5;
202000010128;154 724 433;A01;1;1;0;2;2;19;5;
202000010129;154 724 430;A01;1;1;0;2;1;1;5;
202000010133;154 724 424;B01;2;1;0;2;8;1;5;
202000010135;154 724 422;B01;2;1;0;2;1;1;5;
202000010168;154 724 350;B01;3;1;0;2;0;0;0;
202000010173;154 724 342;A01;1;1;0;2;1;15;5;
202000010180;154 724 332;A01;1;1;0;2;1;1;5;
202000010184;154 724 324;A01;1;1;0;2;8;1;5;
202000010186;154 724 321;A01;1;80;0;2;1;19;3;
202000010254;154 724 212;A01;1;1;0;2;1;1;5;
202000010264;154 724 194;B01;2;1;0;2;4;1;5;
202000010269;154 724 186;B01;3;1;0;0;0;0;5;
202000010271;154 724 182;A01;1;1;0;2;1;1;5;
202000010274;154 724 178;A01;1;1;8;0;0;13;5;
202000010275;154 724 176;B01;1;1;0;2;3;1;5;
202000010281;154 724 166;B01;3;1;0;2;0;0;5;
202000010289;154 724 152;B01;1;1;0;2;1;1;6;
202000010296;154 724 143;B01;1;1;0;2;1;1;5;
202000010304;154 724 126;A01;1;1;0;0;0;1;5;
202000010307;154 724 119;A01;1;1;0;9;2;17;5;
202000010307;154 724 120;B01;1;1;0;9;3;1;5;
202000010352;154 724 042;A01;3;1;0;2;7;19;5;
202000010357;154 724 036;A01;1;1;0;0;0;1;5;
202000010358;154 724 034;A01;2;1;0;2;1;1;5;
202000010396;154 723 970;A01;1;1;0;0;0;1;5;
202000010399;154 723 965;A01;2;1;0;0;0;21;5;
202000010405;154 723 957;B01;1;1;1;0;0;2;5;
202000010412;154 723 948;A01;3;1;0;2;3;1;5;
202000010429;154 723 922;B01;1;1;0;2;3;13;5;
202000010454;154 723 874;A01;3;1;0;2;1;5;5;
202000010460;154 723 863;Z01;2;1;0;2;1;16;5;
202000010460;154 723 864;A01;2;1;0;2;1;1;5;
202000010462;154 723 860;B01;1;1;0;2;0;16;5;
202000010521;154 723 762;B01;2;1;0;2;8;2;5;
202000010531;154 723 739;B01;3;1;0;2;4;14;5;
202000010537;154 723 729;B01;3;80;0;2;1;1;3;
202000010538;154 723 726;B01;2;1;0;2;1;1;0;
202000010548;154 723 707;B01;1;1;0;2;7;1;5;
202000010549;154 723 705;A01;2;1;0;1;1;1;5;
202000010551;154 723 702;B01;1;1;0;2;8;23;5;
202000010552;154 723 700;A01;2;1;0;1;1;1;5;
202000010557;154 723 694;A01;1;1;12;0;3;15;5;
202000010558;154 723 693;A01;2;1;0;0;0;1;5;
202000010561;154 723 687;B01;3;1;0;2;1;9;5;
202000010601;154 723 620;A01;1;1;0;1;1;0;5;
202000010617;154 723 591;B01;1;1;0;2;7;1;5;
202000010621;154 723 583;B01;1;1;0;2;1;5;5;
202000010632;154 723 565;A01;1;1;0;1;8;16;5;
202000010639;154 723 551;B01;2;1;0;2;1;1;5;
202000010665;154 723 506;A01;3;1;0;0;0;1;5;
202000010671;154 723 496;A01;1;1;0;2;8;19;5;
202000010680;154 723 481;B01;2;1;0;2;1;1;5;
202000010695;154 723 453;B01;2;1;0;0;0;0;0;
202000010698;154 723 449;A01;2;80;0;0;1;1;3;
202000010700;154 723 446;B01;0;1;0;2;7;9;0;
202000010711;154 723 429;B01;3;1;0;2;3;1;0;
202000010715;154 723 422;A01;1;1;0;0;0;0;5;
202000010717;154 723 418;B01;2;80;0;2;2;19;3;
202000010719;154 723 414;A01;3;1;0;2;7;19;5;
202000010727;154 723 400;A01;1;1;0;2;8;15;5;
202000010731;154 723 394;B01;2;1;0;2;1;1;5;
202000010736;154 723 384;B01;3;1;0;2;1;1;5;
202000010750;154 723 361;B01;2;1;0;2;1;9;6;
202000010777;154 723 313;A01;1;1;12;0;1;1;5;
202000010779;154 723 309;A01;1;1;0;2;1;14;5;
202000010803;154 723 269;A01;1;1;0;0;0;1;5;
202000010830;154 723 223;B01;1;1;0;2;8;1;5;
202000010844;154 723 200;A01;1;1;0;2;1;5;5;
202000010868;154 723 162;Y01;1;1;0;2;1;1;5;
202000010903;154 723 100;B01;1;1;0;0;8;1;0;
202000010924;154 723 064;B01;2;1;0;2;1;2;5;
202000010961;154 722 995;B01;2;1;0;0;4;2;5;
202000010976;154 722 970;A01;2;80;0;0;9;0;3;
202000010981;154 722 961;B01;2;1;0;2;7;1;5;
202000010983;154 722 959;B01;3;1;0;2;2;9;5;
202000010984;154 722 956;B01;2;1;0;2;1;1;5;
202000010986;154 722 954;B01;1;1;0;2;8;1;5;
202000010987;154 722 952;B01;1;1;0;2;1;1;5;
202000010989;154 722 948;B01;2;1;0;2;1;11;5;
202000010989;154 722 949;A01;1;1;0;2;1;1;5;
202000011003;154 722 928;B01;3;1;0;0;4;0;0;
202000011006;154 722 920;B01;1;1;0;2;8;16;6;
202000011029;154 722 880;B01;2;1;0;0;4;2;5;
202000011029;154 722 881;C01;2;1;0;0;4;2;5;
202000011030;154 722 878;B01;2;1;0;2;0;2;5;
202000011033;154 722 872;A01;1;1;0;0;0;1;5;
202000011039;154 722 863;B01;0;1;0;2;1;21;5;
202000011056;154 722 826;B01;1;1;0;2;4;2;5;
202000011056;154 722 827;D01;1;1;0;2;4;2;5;
202000011056;154 722 828;C01;1;1;0;2;4;2;5;
202000011088;154 722 762;B01;3;1;0;2;2;19;5;
202000011089;154 722 761;B01;3;1;0;2;1;21;0;
202000011095;154 722 752;A01;2;1;0;2;1;16;5;
202000011121;154 722 709;B01;2;1;0;2;1;1;5;
202000011134;154 722 683;B01;1;1;0;2;0;0;5;
202000011153;154 722 652;B01;2;1;0;2;1;1;5;
202000011174;154 722 617;A01;0;80;0;0;5;1;3;
202000011213;154 722 527;Y01;1;1;0;2;6;19;5;
202000011219;154 722 517;A01;2;80;0;0;0;1;3;
202000011221;154 722 514;B01;3;1;0;2;7;1;5;
202000011223;154 722 508;B01;0;1;0;2;1;1;5;
202000011228;154 722 502;A01;1;1;0;2;1;5;5;
202000011229;154 722 500;B01;2;1;0;0;4;14;5;
202000011235;154 722 487;A01;0;1;0;2;1;3;5;
202000011238;154 722 482;B01;2;1;0;2;1;1;5;
202000011240;154 722 478;B01;0;1;0;2;2;1;5;
202000011259;154 722 447;A01;3;1;0;2;1;13;5;
202000011264;154 722 435;B01;1;1;0;2;1;1;5;
202000011269;154 722 430;B01;2;80;0;2;4;2;3;
202000011271;154 722 426;B01;3;1;0;9;1;1;5;
202000011272;154 722 424;B01;0;1;0;2;7;0;0;
202000011281;154 722 410;A01;0;1;0;2;1;19;5;
202000011286;154 722 400;Y01;0;1;0;0;0;0;5;
202000011287;154 722 413;B01;3;1;0;2;1;19;5;
202000011291;154 722 393;B01;1;1;0;2;2;1;5;
202000011297;154 722 382;B01;3;1;0;2;2;19;5;
202000011307;154 722 370;B01;3;1;0;2;3;1;5;
202000011323;154 722 334;A01;1;1;14;0;1;1;5;
202000011325;154 722 333;B01;2;80;1;0;2;1;3;
202000011328;154 722 325;B01;2;1;0;2;1;13;5;
202000011329;154 722 322;A01;2;1;14;2;0;18;5;
202000011330;154 722 318;A01;3;1;0;2;7;19;5;
202000011339;154 722 302;B01;2;1;0;2;8;19;5;
202000011346;154 722 286;B01;1;1;0;2;8;2;5;
202000011351;154 722 278;A01;1;1;0;2;1;2;5;
202000011356;154 722 270;B01;3;1;0;2;2;1;0;
202000011358;154 722 265;A01;1;1;0;1;1;1;5;
202000011375;154 722 240;B01;1;1;0;2;1;2;5;
202000011379;154 722 231;B01;1;1;0;2;1;1;6;
202000011389;154 722 215;B01;2;1;0;2;0;0;5;
202000011389;154 722 217;A01;2;1;0;2;0;2;5;
202000011394;154 722 206;B01;2;1;1;2;7;19;5;
202000011398;154 722 198;B01;1;1;0;2;5;2;5;
202000011404;154 722 186;A01;3;80;0;0;1;26;3;
202000011420;154 722 157;A01;2;1;0;2;1;2;5;
202000011423;154 722 152;B01;1;1;0;2;1;1;5;
202000011447;154 722 106;B01;1;1;0;2;1;1;5;
202000011451;154 722 102;A01;2;1;0;2;6;1;5;
202000011457;154 722 092;A01;1;1;9;0;3;15;5;
202000011458;154 722 091;A01;0;1;0;0;1;1;5;
202000011460;154 722 089;B01;1;1;0;2;8;1;5;
202000011469;154 722 071;B01;1;1;0;2;8;1;5;
202000011471;154 722 065;B01;2;1;0;2;1;1;5;
202000011478;154 722 059;B01;2;1;0;2;2;1;5;