Num_Acc;id_vehicule;num_veh;senc;catv;obs;obsm;choc;manv;motor;occutc
202000020068;154 706 890;A01;2;1;0;2;3;1;5;
202000020070;154 706 887;B01;2;1;0;2;7;12;5;
202000020071;154 706 885;A01;3;1;0;0;0;1;5;
202000020072;154 706 883;B01;3;1;0;2;1;19;5;
202000020074;154 706 880;A01;2;1;0;2;7;5;5;
202000020076;154 706 875;A01;3;80;0;1;1;25;3;
202000020083;154 706 862;B01;2;1;0;2;1;1;5;
202000020083;154 706 863;A01;1;1;0;2;1;13;5;
202000020092;154 706 850;B01;1;1;0;2;0;0;0;
202000020110;154 706 821;A01;1;1;0;2;8;5;5;
202000020112;154 706 819;B01;3;80;0;0;0;1;3;
202000020120;154 706 807;B01;2;1;0;0;1;23;5;
202000020122;154 706 803;B01;1;1;0;2;1;11;5;
202000020123;154 706 800;B01;1;1;0;2;1;1;5;
202000020123;154 706 801;A01;2;1;0;2;1;13;5;
202000020143;154 706 765;B01;2;1;0;2;0;0;5;
202000020156;154 706 744;B01;3;1;0;2;0;0;5;
202000020159;154 706 736;B01;2;1;0;2;1;15;5;
202000020162;154 706 731;A01;2;1;1;0;7;1;5;
202000020168;154 706 722;A01;1;1;0;2;1;2;5;
202000020172;154 706 714;A01;0;1;0;2;2;15;5;
202000020186;154 706 688;A01;2;1;0;2;8;7;5;
202000020189;154 706 684;A01;1;1;0;1;7;25;5;
202000020207;154 706 652;B01;3;1;0;2;2;1;5;
202000020208;154 706 650;B01;0;1;0;2;0;0;0;
202000020209;154 706 647;B01;1;1;0;2;0;19;5;
202000020213;154 706 641;A01;2;1;0;2;2;5;5;
202000020214;154 706 638;A01;1;1;0;2;6;1;5;
202000020215;154 706 637;A01;2;1;0;1;1;16;5;
202000020218;154 706 632;A01;2;1;12;0;3;13;5;
202000020230;154 706 609;A01;2;1;0;2;1;13;5;
202000020255;154 706 569;B01;2;1;0;2;0;0;0;
202000020262;154 706 561;B01;1;80;0;2;8;15;3;
202000020263;154 706 559;A01;0;1;0;1;1;1;5;
202000020265;154 706 556;A01;3;1;0;2;1;19;5;
202000020270;154 706 549;B01;3;1;0;2;3;25;5;
202000020288;154 706 522;B01;2;1;0;2;8;1;0;
202000020343;154 706 438;A01;1;1;0;2;1;2;5;
202000020347;154 706 432;B01;1;1;0;2;1;1;0;
202000020363;154 706 411;B01;3;1;0;2;7;1;5;
202000020375;154 706 391;A01;0;1;13;0;1;1;6;
202000020383;154 706 378;B01;1;1;0;9;0;26;6;
202000020426;154 706 310;A01;0;1;0;2;3;19;5;
202000020439;154 706 286;B01;1;80;0;2;4;1;3;
202000020463;154 706 248;B01;1;1;0;2;4;2;5;
202000020471;154 706 235;B01;3;1;0;2;5;1;5;
202000020478;154 706 223;A01;1;1;12;0;4;1;0;
202000020493;154 706 198;B01;1;80;0;2;1;1;3;
202000020505;154 706 175;B01;1;1;0;0;4;1;5;
202000020515;154 706 155;B01;2;1;0;2;4;1;6;
202000020519;154 706 147;B01;1;1;0;2;8;19;5;
202000020528;154 706 133;B01;3;1;0;2;8;26;5;
202000020539;154 706 112;B01;3;1;0;0;1;1;5;
202000020584;154 706 021;B01;1;1;0;2;8;1;5;
202000020594;154 706 004;B01;3;1;0;2;4;2;5;
202000020595;154 706 001;B01;1;1;0;2;1;1;5;
202000020596;154 705 999;B01;3;80;0;2;1;1;3;
202000020598;154 705 993;A01;1;80;0;0;1;1;3;
202000020600;154 705 990;B01;1;1;6;2;8;1;5;
202000020612;154 705 969;B01;2;1;0;2;2;1;5;
202000020615;154 705 963;B01;1;1;0;2;0;2;5;
202000020616;154 705 961;A01;1;1;0;2;3;1;5;
202000020645;154 705 912;AY01;2;1;0;2;8;1;0;
202000020649;154 705 906;B01;1;1;0;2;1;1;5;
202000020651;154 705 902;B01;1;1;0;2;1;1;6;
202000020655;154 705 894;B01;1;80;0;0;4;25;3;
202000020658;154 705 888;B01;3;1;0;9;0;1;5;
202000020658;154 705 889;A01;3;1;0;0;8;13;5;
202000020660;154 705 885;B01;2;1;0;2;6;15;5;
202000020660;154 705 886;A01;2;1;0;9;1;1;5;
202000020667;154 705 873;A01;1;1;0;0;0;1;5;
202000020673;154 705 865;B01;3;1;0;2;1;19;5;
202000020680;154 705 850;B01;3;1;0;2;1;1;5;
202000020681;154 705 849;B01;1;1;0;2;1;1;5;
202000020683;154 705 845;B01;2;1;0;2;1;1;5;
202000020689;154 705 835;B01;2;1;0;2;8;1;6;
202000020716;154 705 788;B01;1;1;0;2;4;25;0;
202000020720;154 705 780;B01;1;1;0;2;1;1;5;
202000020738;154 705 743;B01;1;1;0;2;1;1;5;
202000020739;154 705 740;A01;3;1;0;2;0;1;5;
202000020740;154 705 739;B01;3;1;0;2;8;19;0;
202000020748;154 705 722;B01;2;1;0;2;1;9;5;
202000020751;154 705 717;B01;3;1;1;0;1;1;0;
202000020757;154 705 707;A01;1;80;0;2;9;0;3;
202000020759;154 705 703;B01;0;1;0;2;1;10;0;
202000020768;154 705 684;A01;1;1;0;1;1;1;5;
202000020769;154 705 682;A01;3;1;0;2;1;19;5;
202000020774;154 705 675;B01;3;1;0;2;1;26;5;
202000020782;154 705 662;B01;2;1;0;2;1;1;0;
202000020789;154 705 648;B01;1;1;0;2;2;16;0;
202000020794;154 705 640;B01;1;1;0;2;1;1;5;
202000020812;154 705 607;B01;2;1;0;2;1;2;5;
202000020813;154 705 604;B01;2;1;0;2;4;1;5;
202000020815;154 705 600;B01;2;1;0;2;8;26;5;
202000020825;154 705 584;Z01;2;1;0;2;1;1;5;
202000020838;154 705 560;A01;2;1;0;2;2;1;5;
202000020839;154 705 559;A01;1;1;16;2;6;13;5;
202000020840;154 705 556;B01;2;1;0;2;8;19;5;
202000020842;154 705 553;B01;1;1;0;2;5;1;5;
202000020849;154 705 544;A01;3;1;0;2;2;1;5;
202000020854;154 705 537;B01;1;1;0;2;3;25;5;
202000020871;154 705 504;B01;1;80;0;2;2;1;3;
202000020878;154 705 491;C01;2;1;0;1;8;1;5;
202000020888;154 705 476;B01;2;1;0;2;5;1;5;
202000020921;154 705 425;A01;1;1;0;0;0;0;5;
202000020948;154 705 358;B01;2;1;0;2;1;0;6;
202000020949;154 705 355;B01;2;1;0;2;1;2;0;
202000020959;154 705 343;B01;1;1;0;2;1;1;0;
202000020960;154 705 340;B01;3;1;0;2;4;1;0;
202000020961;154 705 339;B01;3;1;0;2;7;1;5;
202000020973;154 705 317;B01;2;1;0;2;7;19;5;
202000020976;154 705 312;B01;1;1;0;2;7;21;0;
202000021002;154 705 259;A01;3;1;0;2;1;1;0;
202000021024;154 705 216;B01;1;1;0;2;1;1;5;
202000021026;154 705 212;B01;3;1;0;2;0;26;5;
202000021028;154 705 208;B01;1;1;0;2;3;1;5;
202000021034;154 705 197;Y01;1;1;0;2;8;1;-1;
202000021041;154 705 185;B01;0;1;0;2;1;1;5;
202000021043;154 705 182;B01;1;1;0;2;7;1;5;
202000021049;154 705 173;A01;2;1;0;1;5;1;5;
202000021050;154 705 171;B01;2;1;0;2;1;1;5;
202000021051;154 705 170;B01;0;1;0;2;0;0;5;
202000021053;154 705 166;A01;0;1;0;2;1;19;5;
202000021062;154 705 150;B01;2;1;0;2;0;2;0;
202000021071;154 705 134;B01;1;80;0;2;2;1;3;
202000021072;154 705 132;B01;2;1;0;2;0;0;5;
202000021084;154 705 111;B01;1;1;0;2;1;1;5;
202000021085;154 705 110;B01;2;1;0;2;8;16;5;
202000021086;154 705 108;A01;2;1;0;1;1;1;5;
202000021087;154 705 106;Z01;3;1;0;2;1;19;5;
202000021091;154 705 100;A01;1;1;0;2;1;2;5;
202000021093;154 705 095;A01;1;1;0;2;1;18;5;
202000021096;154 705 090;Z01;1;1;0;2;1;1;5;
202000021096;154 705 091;A01;1;80;0;2;4;1;3;
202000021097;154 705 089;B01;1;1;0;2;1;1;5;
202000021102;154 705 078;B01;1;1;0;0;8;2;0;
202000021110;154 705 064;B01;3;1;0;0;4;23;0;
202000021112;154 705 061;B01;-1;1;0;9;4;26;5;
202000021129;154 705 035;B01;2;1;0;2;7;1;5;
202000021140;154 705 016;B01;1;1;0;0;8;1;5;
202000021146;154 705 006;B01;2;1;0;2;1;9;5;
202000021151;154 704 998;A01;2;1;0;2;1;14;5;
202000021154;154 704 993;A01;0;1;0;2;7;19;5;
202000021159;154 704 981;B01;1;1;0;2;1;1;5;
202000021172;154 704 960;A01;1;1;0;2;7;13;5;
202000021177;154 704 954;A01;1;1;1;0;1;1;5;
202000021179;154 704 951;B01;1;1;0;2;1;1;5;
202000021179;154 704 952;A01;2;1;0;2;1;13;5;
202000021198;154 704 922;B01;1;1;0;2;7;1;5;
202000021200;154 704 918;B01;3;1;0;2;2;21;5;
202000021201;154 704 916;C01;0;1;0;2;8;13;5;
202000021220;154 704 886;B01;2;1;0;2;1;1;5;
202000021248;154 704 831;B01;1;1;0;2;7;1;5;
202000021249;154 704 829;B01;2;80;0;2;1;25;3;
202000021253;154 704 821;B01;3;1;0;2;8;0;5;
202000021258;154 704 812;A01;1;1;0;4;1;19;5;
202000021259;154 704 810;B01;1;1;1;0;2;1;5;
202000021261;154 704 805;A01;1;1;0;2;3;15;5;
202000021267;154 704 795;A01;2;1;0;2;1;2;5;
202000021280;154 704 769;B01;1;1;0;2;1;1;0;
202000021286;154 704 757;B01;1;1;1;0;1;1;5;
202000021288;154 704 754;A01;1;1;0;2;1;1;5;
202000021299;154 704 736;A01;2;1;0;2;3;1;5;
202000021305;154 704 727;A01;1;1;0;0;1;1;5;
202000021307;154 704 725;A01;2;1;0;1;1;5;5;
202000021309;154 704 722;B01;2;1;0;2;2;1;5;
202000021311;154 704 717;B01;2;1;0;2;7;1;5;
202000021312;154 704 715;B01;1;1;0;2;8;1;5;
202000021321;154 704 699;A01;3;1;0;2;1;2;6;
202000021322;154 704 697;A01;1;1;0;0;3;9;5;
202000021354;154 704 636;B01;1;1;0;2;1;1;5;
202000021359;154 704 626;B01;1;1;0;0;4;1;5;
202000021361;154 704 623;B01;0;80;0;2;8;1;3;
202000021372;154 704 601;B01;2;1;0;2;4;2;5;
202000021409;154 704 532;A01;3;1;0;2;1;1;5;
202000021409;154 704 533;B01;0;1;0;2;1;1;5;
202000021409;154 704 534;C01;3;1;0;2;0;1;5;
202000021413;154 704 525;A01;1;1;0;2;1;5;5;
202000021423;154 704 512;B01;1;1;0;2;1;1;5;
202000021425;154 704 507;B01;2;1;0;2;1;1;5;
202000021426;154 704 505;B01;3;1;0;0;0;19;5;
202000021450;154 704 460;B01;1;1;0;2;7;2;5;
202000021466;154 704 432;B01;1;1;0;2;1;1;6;
202000021467;154 704 431;A01;2;1;8;0;2;21;5;
202000021474;154 704 422;A01;3;1;0;1;1;2;5;
202000021484;154 704 401;B01;3;1;0;2;6;16;0;
202000021501;154 704 375;A01;3;1;0;2;1;1;5;
202000021521;154 704 340;B01;1;1;0;0;5;1;5;
202000021522;154 704 337;A01;0;1;0;1;1;1;5;
202000021525;154 704 329;B01;0;1;0;2;1;1;5;
202000021557;154 704 273;A01;3;1;0;0;1;19;5;
202000021558;154 704 269;B01;3;1;0;2;8;1;5;
202000021577;154 704 246;B01;1;1;0;2;1;1;5;
202000021619;154 704 170;B01;1;1;0;0;8;15;0;
202000021624;154 704 159;A01;1;1;13;0;2;1;5;
202000021642;154 704 131;B01;2;1;0;2;5;19;5;
202000021658;154 704 103;B01;2;1;0;2;1;1;5;
202000021666;154 704 087;B01;3;1;0;2;1;1;5;
202000021669;154 704 082;B01;1;1;0;2;1;9;5;
202000021703;154 704 017;B01;3;80;0;2;8;19;3;
202000021706;154 704 012;A01;3;1;0;2;8;15;6;
202000021709;154 704 007;B01;0;80;0;2;8;1;3;
202000021710;154 704 004;A01;1;1;0;2;7;19;5;
202000021728;154 703 977;A01;2;1;0;0;1;0;5;
202000021735;154 703 964;A01;1;1;0;2;3;19;5;
202000021737;154 703 960;B01;3;1;0;2;8;1;5;
202000021761;154 703 922;A01;3;1;6;0;1;1;5;
202000021776;154 703 900;A01;0;1;0;0;0;1;5;
202000021791;154 703 871;A01;1;1;0;1;1;25;5;
202000021792;154 703 869;A01;1;1;0;2;8;15;5;
202000021806;154 703 846;B01;1;1;0;2;1;1;5;
202000021813;154 703 834;A01;2;80;0;1;1;1;3;
202000021814;154 703 833;B01;2;1;0;2;1;1;5;
202000021818;154 703 826;A01;1;1;14;0;1;14;5;
202000021827;154 703 812;A01;3;1;0;1;1;0;5;
202000021832;154 703 804;B01;0;1;0;2;7;1;5;
202000021838;154 703 796;B01;1;1;0;2;8;15;6;
202000021841;154 703 791;B01;2;1;0;2;2;1;6;
202000021867;154 703 747;B01;1;1;0;2;8;1;5;
202000021871;154 703 738;B01;2;1;1;0;1;1;5;
202000021874;154 703 734;B01;1;1;0;2;1;1;5;
202000021875;154 703 731;B01;3;1;0;2;0;1;5;
202000021880;154 703 722;B01;0;1;0;2;4;15;6;
202000021887;154 703 711;B01;1;1;0;0;6;12;5;
202000021893;154 703 702;A01;1;1;0;0;0;1;5;
202000021904;154 703 681;B01;1;1;0;2;8;1;5;
202000021910;154 703 670;A01;2;1;0;2;7;1;5;
202000021911;154 703 667;B01;2;1;0;2;1;1;5;
202000021913;154 703 663;A01;2;1;0;2;5;1;5;
202000021914;154 703 662;A01;2;1;0;2;0;1;5;
202000021915;154 703 659;B01;2;1;0;2;1;1;0;
202000021939;154 703 615;B01;0;80;0;2;1;1;3;
202000021945;154 703 608;B01;3;1;0;2;1;5;5;
202000021946;154 703 605;B01;2;1;0;0;4;1;5;
202000021955;154 703 590;A01;0;1;0;0;4;0;5;
202000021958;154 703 583;B01;0;1;0;2;1;2;5;
202000021959;154 703 581;B01;0;1;0;2;1;1;5;
202000021960;154 703 579;A01;1;1;0;2;0;1;5;
202000022020;154 703 459;A01;1;80;0;0;1;14;3;
202000022037;154 703 431;A01;1;1;0;2;1;1;5;
202000022043;154 703 421;B01;1;1;0;2;1;19;0;
202000022044;154 703 420;B01;2;1;0;2;8;9;5;
202000022045;154 703 417;B01;1;1;0;2;8;15;5;
202000022055;154 703 403;A01;1;1;0;2;0;1;5;
202000022060;154 703 392;B01;3;1;0;9;1;0;5;
202000022060;154 703 393;A01;3;1;0;9;1;17;5;
202000022071;154 703 373;B01;0;1;0;2;8;19;5;
202000022074;154 703 369;B01;3;1;0;2;1;0;5;
202000022075;154 703 367;B01;1;1;0;2;3;1;5;
202000022076;154 703 365;B01;2;1;0;2;1;1;5;
202000022088;154 703 341;B01;3;1;1;0;2;1;5;
202000022095;154 703 329;A01;0;1;0;2;1;19;0;
202000022096;154 703 328;B01;3;1;0;2;5;1;5;
202000022097;154 703 325;A01;1;1;0;2;8;11;5;
202000022101;154 703 319;B01;2;1;0;2;1;18;5;
202000022102;154 703 316;B01;1;1;0;2;0;1;5;
202000022102;154 703 317;A01;1;1;0;2;0;1;5;
202000022106;154 703 309;B01;1;1;0;2;3;1;5;
202000022109;154 703 301;A01;2;1;0;2;1;19;5;
202000022111;154 703 298;B01;2;1;0;2;3;18;5;
202000022117;154 703 288;A01;2;80;0;2;1;1;3;
202000022118;154 703 287;A01;1;1;0;0;1;1;5;
202000022124;154 703 276;B01;1;1;0;2;8;1;0;
202000022128;154 703 269;A01;2;1;8;0;2;14;5;
202000022130;154 703 266;B01;2;1;0;0;3;1;0;
202000022135;154 703 256;B01;2;1;0;2;1;1;5;
202000022141;154 703 247;B01;2;1;0;0;4;2;5;
202000022150;154 703 231;A01;3;1;0;2;3;13;5;
202000022153;154 703 225;B01;2;1;0;0;8;15;5;
202000022161;154 703 211;A01;3;1;14;0;1;1;5;
202000022201;154 703 148;B01;1;1;0;2;4;1;0;
202000022203;154 703 144;B01;2;80;0;2;1;1;3;
202000022216;154 703 124;A01;2;1;0;2;1;1;5;
202000022218;154 703 122;A01;2;1;0;0;0;1;5;
202000022224;154 703 113;B01;1;1;0;2;1;1;5;
202000022236;154 703 093;A01;1;80;0;0;0;1;3;
202000022274;154 703 036;A01;2;1;0;2;6;1;5;
202000022302;154 702 988;B01;1;80;0;2;7;14;3;
202000022303;154 702 985;B01;0;80;0;2;7;0;3;
202000022307;154 702 977;B01;1;1;1;0;1;1;5;
202000022308;154 702 976;B01;3;1;1;0;1;1;5;
202000022310;154 702 973;A01;1;1;0;2;1;19;5;
202000022330;154 702 937;B01;1;1;0;2;0;0;5;
202000022331;154 702 936;A01;0;1;0;0;7;16;5;
202000022335;154 702 928;B01;1;80;0;0;4;1;0;
202000022341;154 702 918;A01;1;1;1;2;7;1;5;
202000022372;154 702 860;A01;2;1;0;1;1;1;5;
202000022374;154 702 858;A01;1;1;0;1;8;5;5;
202000022375;154 702 857;A01;1;1;0;1;5;1;5;
202000022376;154 702 856;B01;1;1;0;2;3;1;5;
202000022388;154 702 835;D01;2;1;0;9;0;0;5;
202000022414;154 702 792;B01;3;1;0;2;1;1;5;
202000022445;154 702 734;B01;2;1;0;0;4;1;0;
202000022447;154 702 728;B01;3;1;0;2;3;1;5;
202000022464;154 702 699;A01;1;1;0;2;1;1;5;
202000022469;154 702 691;A01;1;1;0;1;1;1;5;
202000022475;154 702 682;Z01;0;1;0;1;1;1;5;
202000022477;154 702 679;A01;2;1;0;2;8;13;5;
202000022477;154 702 680;B01;2;1;0;2;7;17;5;
202000022488;154 702 666;A01;2;1;0;2;1;1;0;
202000022491;154 702 661;B01;1;1;0;0;4;2;5;
202000022512;154 702 624;A01;1;1;0;0;3;1;5;
202000022525;154 702 602;A01;1;1;0;2;4;15;5;
202000022527;154 702 599;A01;3;1;12;0;1;16;5;
202000022528;154 702 597;A01;1;1;0;2;1;1;5;
202000022529;154 702 596;B01;1;1;0;2;8;1;5;
202000022531;154 702 592;A01;2;1;0;2;1;1;5;
202000022532;154 702 591;B01;2;1;0;2;8;1;5;
202000022533;154 702 589;A01;2;1;0;2;1;1;5;
202000022536;154 702 584;A01;1;80;14;0;1;12;3;
202000022537;154 702 582;A01;1;1;0;2;1;9;5;
202000022548;154 702 561;B01;2;80;0;2;1;1;3;
202000022554;154 702 552;B01;3;1;0;2;1;19;5;
202000022557;154 702 547;A01;2;1;0;0;0;1;5;
202000022558;154 702 546;A01;1;1;0;0;0;1;5;
202000022561;154 702 536;B01;3;1;0;2;4;1;5;
202000022565;154 702 527;B01;2;1;0;2;8;2;5;
202000022573;154 702 512;B01;1;1;0;2;1;1;5;
202000022574;154 702 510;B01;2;1;0;2;8;1;6;
202000022580;154 702 499;B01;2;80;0;0;7;16;5;
202000022582;154 702 496;A01;3;1;0;2;3;9;5;
202000022615;154 702 438;A01;2;80;13;0;1;1;3;
202000022617;154 702 436;A01;2;1;0;2;7;1;5;
202000022625;154 702 420;B01;1;1;0;2;3;19;5;
202000022651;154 702 364;B01;2;1;0;2;1;1;0;
202000022653;154 702 360;B01;1;1;0;2;1;15;0;
202000022659;154 702 347;A01;3;1;6;0;1;26;1;
202000022671;154 702 325;B01;2;1;1;0;1;1;5;
202000022675;154 702 319;A01;1;1;0;2;1;17;5;
202000022684;154 702 304;A01;1;1;0;0;8;26;5;
202000022685;154 702 302;B01;1;1;0;2;1;1;5;
202000022689;154 702 294;B01;1;1;0;2;1;1;0;
202000022705;154 702 267;B01;3;1;0;2;7;2;5;
202000022709;154 702 261;B01;0;1;0;2;1;1;5;
202000022733;154 702 220;B01;1;1;0;2;1;1;5;
202000022741;154 702 209;A01;1;1;12;2;1;19;5;
202000022754;154 702 190;A01;2;1;0;1;1;1;5;
202000022761;154 702 178;A01;1;1;0;0;0;1;5;
202000022780;154 702 149;B01;1;1;0;2;6;16;5;
202000022784;154 702 143;B01;2;1;0;2;1;1;5;
202000022785;154 702 142;B01;2;1;0;2;4;2;5;
202000022790;154 702 132;B01;3;1;0;2;8;19;5;
202000022812;154 702 095;A01;2;1;0;2;2;1;0;
202000022835;154 702 052;B01;3;1;0;2;4;16;5;
202000022841;154 702 040;B01;1;1;0;2;1;1;5;
202000022850;154 702 028;A01;1;1;0;2;1;1;5;
202000022852;154 702 024;B01;1;1;0;2;1;0;5;
202000022857;154 702 015;A01;0;1;0;1;1;0;0;
202000022887;154 701 965;A01;1;1;1;0;1;21;5;
202000022889;154 701 962;A01;2;1;0;2;1;13;5;
202000022892;154 701 958;A01;1;1;0;2;0;1;5;
202000022893;154 701 956;A01;2;1;0;1;1;15;5;
202000022894;154 701 955;B01;1;1;0;2;1;18;5;
202000022902;154 701 937;B01;1;1;0;0;8;19;5;
202000022913;154 701 920;B01;3;80;0;2;7;1;3;
202000022914;154 701 917;B01;1;1;0;2;8;1;5;
202000022936;154 701 876;B01;1;1;0;2;7;1;6;
202000022939;154 701 869;B01;3;1;0;2;0;0;5;
202000022943;154 701 862;B01;1;1;0;2;1;16;0;
202000022944;154 701 860;B01;3;1;0;2;0;0;5;
202000022955;154 701 845;B01;1;1;0;2;1;5;0;
202000022966;154 701 820;B01;1;1;0;2;1;1;5;
202000022968;154 701 817;B01;2;1;0;2;4;1;5;
202000022972;154 701 809;A01;3;1;0;2;6;1;5;
202000022973;154 701 808;B01;1;1;0;2;8;1;5;
202000022974;154 701 806;B01;2;1;0;2;6;19;5;
202000022975;154 701 804;A01;1;1;0;2;4;0;5;
202000022985;154 701 787;A01;0;1;0;2;3;26;0;
202000022989;154 701 781;A01;1;1;0;2;7;1;5;
202000022991;154 701 776;B01;2;1;0;2;7;1;5;
202000022993;154 701 772;B01;3;1;0;2;1;19;5;
202000022999;154 701 760;B01;3;1;0;2;1;19;5;
202000023010;154 701 740;B01;0;1;0;2;0;0;5;
202000023012;154 701 737;A01;2;1;0;2;1;5;5;
202000023014;154 701 733;B01;0;1;0;2;1;25;5;
202000023019;154 701 726;B01;2;1;0;2;1;26;0;
202000023032;154 701 701;A01;1;1;0;2;1;13;5;
202000023037;154 701 693;A01;2;1;0;2;5;1;5;
202000023042;154 701 686;B01;2;1;0;2;8;7;5;
202000023045;154 701 681;A01;1;1;0;0;1;21;5;
202000023048;154 701 675;B01;1;1;0;2;8;1;5;
202000023052;154 701 669;B01;-1;80;1;2;0;0;3;
202000023056;154 701 662;A01;2;1;1;0;1;1;5;
202000023057;154 701 661;A01;2;1;0;2;1;2;5;
202000023061;154 701 654;A01;2;1;15;1;1;13;5;
202000023067;154 701 646;B01;1;1;0;0;7;19;5;
202000023070;154 701 641;A01;3;1;0;2;8;9;5;
202000023078;154 701 630;B01;2;1;0;2;7;2;5;
202000023079;154 701 628;B01;0;1;0;2;4;1;5;
202000023102;154 701 586;B01;2;80;0;2;1;13;3;
202000023110;154 701 567;A01;3;1;0;2;3;1;5;
202000023113;154 701 561;B01;0;1;0;2;1;5;5;
202000023128;154 701 543;A01;2;1;13;0;0;21;5;
202000023138;154 701 527;A01;3;1;0;0;0;0;5;
202000023150;154 701 509;B01;1;1;0;2;8;1;6;
202000023157;154 701 496;B01;1;1;0;2;8;1;5;
202000023181;154 701 464;B01;2;1;1;0;1;1;5;
202000023184;154 701 457;B01;3;1;0;2;3;2;5;
202000023208;154 701 414;B01;2;1;0;2;5;19;5;
202000023228;154 701 374;B01;1;1;0;0;0;0;0;
202000023255;154 701 325;B01;2;1;0;2;0;25;5;
202000023259;154 701 318;A01;1;1;0;1;1;1;5;
202000023261;154 701 314;B01;1;1;0;2;8;1;5;
202000023272;154 701 290;A01;1;1;0;0;0;1;5;
202000023274;154 701 288;B01;2;1;0;2;7;1;0;
202000023287;154 701 263;B01;2;1;0;2;1;0;5;
202000023290;154 701 258;A01;2;1;0;2;1;15;5;
202000023296;154 701 247;A01;0;1;0;2;1;1;5;
202000023299;154 701 239;A01;2;1;0;2;1;17;5;
202000023299;154 701 241;B01;1;1;0;2;1;1;5;
202000023307;154 701 227;B01;0;1;0;2;1;2;5;
202000023311;154 701 216;B01;2;1;1;2;7;2;5;
202000023312;154 701 219;B01;0;1;0;2;8;0;6;
202000023313;154 701 211;C01;1;1;0;2;4;0;0;
202000023318;154 701 203;Y01;1;1;0;0;0;1;5;
202000023323;154 701 197;A01;2;1;0;0;0;19;5;
202000023329;154 701 183;B01;2;1;0;2;0;1;5;
202000023333;154 701 178;A01;1;1;0;2;1;1;5;
202000023339;154 701 168;B01;2;1;0;2;1;1;5;
202000023344;154 701 158;A01;1;1;14;0;0;12;5;
202000023346;154 701 154;B01;2;1;0;2;3;1;5;
202000023347;154 701 157;B01;1;1;0;2;3;1;5;
202000023355;154 701 142;A01;1;1;0;1;1;1;5;
202000023365;154 701 126;B01;1;1;0;2;0;0;0;
202000023368;154 701 121;B01;1;1;0;2;8;16;5;
202000023383;154 701 098;A01;0;1;0;1;0;0;6;
202000023390;154 701 089;A01;0;1;0;0;1;5;6;
202000023402;154 701 067;A01;0;1;0;0;0;1;5;
202000023403;154 701 065;B01;0;1;0;2;1;16;5;
202000023412;154 701 050;B01;1;1;0;2;8;1;5;
202000023437;154 701 001;A01;2;1;0;2;1;0;5;
202000023440;154 700 996;B01;3;1;0;2;8;1;5;
202000023447;154 700 985;B01;1;1;0;2;4;2;0;
202000023462;154 700 957;A01;2;1;12;1;1;1;5;
202000023463;154 700 956;A01;2;1;0;2;8;19;5;
202000023477;154 700 931;A01;1;1;0;2;1;1;5;
202000023483;154 700 922;A01;3;1;0;2;7;1;5;
202000023489;154 700 911;B01;2;1;0;2;1;1;5;
202000023493;154 700 906;B01;0;1;0;2;0;0;5;
202000023499;154 700 893;Z01;1;1;0;2;3;13;0;
202000023509;154 700 878;B01;2;1;0;2;1;1;5;
202000023522;154 700 856;A01;1;1;0;2;1;1;5;
202000023525;154 700 847;Z01;1;1;0;1;1;1;5;
202000023527;154 700 845;Y01;2;80;0;0;1;1;3;
202000023532;154 700 839;B01;3;1;0;2;3;1;6;