Num_Acc;id_vehicule;num_veh;senc;catv;obs;obsm;choc;manv;motor;occutc
202000023550;154 700 809;A01;2;1;0;2;8;11;5;
202000023565;154 700 780;Z01;3;1;0;1;0;0;5;
202000023578;154 700 760;B01;1;1;0;2;7;1;5;
202000023583;154 700 752;B01;2;1;0;2;8;13;5;
202000023600;154 700 725;B01;1;1;0;2;4;2;5;
202000023605;154 700 715;A01;3;1;0;2;1;26;5;
202000023631;154 700 659;B01;2;1;0;2;1;1;5;
202000023636;154 700 647;A01;2;1;4;0;1;1;5;
202000023640;154 700 642;B01;1;1;0;2;2;1;5;
202000023641;154 700 637;A01;1;1;0;1;1;25;5;
202000023643;154 700 633;B01;3;1;0;2;2;19;5;
202000023700;154 700 527;B01;1;1;0;2;7;1;5;
202000023712;154 700 508;B01;1;1;0;2;7;1;5;
202000023713;154 700 506;A01;3;1;0;0;0;0;5;
202000023715;154 700 504;A01;1;1;0;0;0;1;5;
202000023717;154 700 500;A01;3;1;1;0;0;25;5;
202000023721;154 700 495;B01;3;1;1;0;3;25;5;
202000023750;154 700 444;VB01;2;1;0;2;8;1;0;
202000023758;154 700 428;B01;2;1;0;2;0;0;5;
202000023775;154 700 395;A01;1;1;0;2;8;19;5;
202000023785;154 700 380;B01;3;1;0;0;7;26;5;
202000023792;154 700 366;A01;3;1;0;2;1;1;5;
202000023794;154 700 362;A01;2;1;0;0;0;1;5;
202000023799;154 700 355;B01;1;1;0;2;1;26;6;
202000023807;154 700 341;A01;2;1;0;0;0;2;0;
202000023807;154 700 343;B01;2;1;0;0;0;2;0;
202000023816;154 700 319;A01;3;1;0;1;1;1;5;
202000023823;154 700 309;B01;2;1;0;2;4;2;5;
202000023828;154 700 302;B01;1;1;0;2;2;19;5;
202000023846;154 700 273;B01;3;80;0;2;3;1;3;
202000023857;154 700 250;B01;3;1;0;2;8;1;5;
202000023860;154 700 244;B01;2;1;0;2;1;1;5;
202000023877;154 700 213;A01;2;1;0;0;0;1;5;
202000023899;154 700 178;A01;2;1;0;2;0;0;5;
202000023900;154 700 177;B01;0;1;0;2;2;0;5;
202000023936;154 700 109;A01;1;1;0;2;7;0;5;
202000023943;154 700 090;B01;1;1;0;2;1;1;5;
202000023949;154 700 080;B01;2;1;0;2;0;0;5;
202000023951;154 700 077;B01;2;80;0;2;5;1;3;
202000023960;154 700 060;B01;1;1;0;2;1;1;5;
202000023964;154 700 051;B01;1;1;0;2;7;1;5;
202000023967;154 700 046;A01;0;80;0;0;1;1;3;
202000023994;154 700 000;B01;1;1;0;2;1;1;5;
202000023996;154 699 996;A01;1;1;0;1;1;25;5;
202000023998;154 699 993;Z01;2;1;0;2;3;15;5;
202000023999;154 699 991;B01;2;1;0;2;1;1;5;
202000024000;154 699 990;A01;3;1;0;2;7;19;5;
202000024001;154 699 988;A01;1;1;0;0;0;1;5;
202000024002;154 699 987;A01;2;80;0;0;0;1;3;
202000024004;154 699 984;A01;2;80;1;0;2;14;3;
202000024010;154 699 975;B01;1;1;0;2;1;1;5;
202000024017;154 699 962;A01;2;1;0;2;0;0;0;
202000024041;154 699 916;B01;3;1;0;2;2;1;5;
202000024050;154 699 903;A01;2;1;0;2;1;1;5;
202000024068;154 699 877;A01;3;80;12;0;1;13;2;
202000024086;154 699 850;Y01;2;1;0;2;1;1;6;
202000024122;154 699 790;B01;1;1;0;0;8;2;5;
202000024129;154 699 780;A01;2;1;0;2;1;5;5;
202000024130;154 699 778;A01;1;1;0;0;1;1;5;
202000024168;154 699 720;B01;1;1;1;0;1;1;0;
202000024174;154 699 710;B01;1;1;0;0;1;0;5;
202000024176;154 699 706;A01;2;1;0;2;1;13;5;
202000024193;154 699 684;B01;1;1;0;2;2;0;5;
202000024195;154 699 680;B01;3;1;0;2;8;1;5;
202000024200;154 699 673;A01;1;1;0;0;0;21;5;
202000024204;154 699 667;B01;2;80;0;2;8;1;3;
202000024208;154 699 662;A01;1;1;12;0;1;13;5;
202000024209;154 699 661;A01;2;1;0;2;1;1;5;
202000024228;154 699 630;B01;2;1;0;2;7;19;5;
202000024230;154 699 628;A01;3;1;0;0;1;14;5;
202000024231;154 699 626;B01;0;1;0;2;7;1;5;
202000024242;154 699 610;C01;0;1;0;0;1;1;5;
202000024242;154 699 611;B01;0;1;0;0;1;1;5;
202000024242;154 699 612;A01;0;1;0;0;1;1;5;
202000024274;154 699 559;B01;1;1;0;2;7;0;5;
202000024294;154 699 513;B01;3;1;0;2;1;17;0;
202000024313;154 699 478;B01;2;1;0;2;1;1;5;
202000024335;154 699 437;B01;1;1;0;2;4;1;5;
202000024336;154 699 435;B01;2;1;0;2;1;19;5;
202000024341;154 699 429;A01;1;1;0;1;1;1;5;
202000024346;154 699 421;B01;2;1;0;2;8;11;5;
202000024347;154 699 419;Z01;1;1;0;1;1;1;5;
202000024348;154 699 418;B01;1;1;0;2;3;1;5;
202000024384;154 699 349;B01;2;1;0;2;1;1;5;
202000024384;154 699 350;C01;2;1;0;2;1;1;5;
202000024384;154 699 351;D01;2;1;0;2;1;1;5;
202000024384;154 699 352;E01;2;1;0;2;1;1;5;
202000024384;154 699 353;F01;2;1;0;2;1;1;5;
202000024418;154 699 292;A01;1;1;0;4;6;1;5;
202000024419;154 699 291;B01;1;1;0;2;1;9;0;
202000024426;154 699 277;B01;3;1;0;2;1;1;5;
202000024432;154 699 263;B01;2;1;0;2;8;2;5;
202000024454;154 699 229;B01;1;1;0;2;1;9;5;
202000024458;154 699 220;B01;1;1;0;2;1;1;5;
202000024460;154 699 216;B01;0;1;0;2;7;16;5;
202000024463;154 699 210;B01;1;1;0;2;4;1;5;
202000024464;154 699 209;B01;2;1;0;2;8;1;5;
202000024467;154 699 203;B01;2;1;0;2;6;1;5;
202000024472;154 699 194;B01;2;1;0;2;8;1;5;
202000024489;154 699 164;B01;2;1;0;2;8;1;5;
202000024495;154 699 155;A01;1;1;0;2;8;19;5;
202000024508;154 699 136;B01;3;1;0;2;1;1;5;
202000024512;154 699 127;A01;1;1;0;2;8;15;5;
202000024547;154 699 065;B01;2;1;0;2;1;1;5;
202000024584;154 698 988;C01;2;1;0;2;7;19;0;
202000024588;154 698 983;A01;1;1;0;1;1;1;5;
202000024595;154 698 973;A01;3;1;14;0;1;21;5;
202000024599;154 698 967;B01;0;1;0;2;0;1;5;
202000024616;154 698 937;B01;2;1;0;2;7;5;0;
202000024639;154 698 898;B01;2;1;15;2;8;2;5;
202000024680;154 698 819;B01;2;1;0;2;1;25;5;
202000024689;154 698 798;B01;1;1;0;2;4;13;5;
202000024690;154 698 797;B01;3;1;0;1;1;0;0;
202000024691;154 698 795;B01;2;1;1;0;1;2;5;
202000024706;154 698 770;A01;2;1;0;2;8;17;5;
202000024741;154 698 714;A01;2;1;0;0;0;1;5;
202000024755;154 698 686;B01;2;1;0;2;1;1;5;
202000024762;154 698 676;B01;2;1;0;2;8;26;0;
202000024768;154 698 665;B01;2;1;0;2;0;0;5;
202000024776;154 698 647;B01;1;1;0;2;1;1;5;
202000024786;154 698 631;A01;0;1;0;2;1;1;5;
202000024802;154 698 604;B01;2;1;0;2;0;1;5;
202000024810;154 698 592;B01;2;1;0;2;8;13;5;
202000024814;154 698 582;B01;1;1;0;2;1;1;5;
202000024817;154 698 577;A01;3;1;2;0;1;13;5;
202000024819;154 698 573;A01;3;1;0;2;1;15;5;
202000024823;154 698 564;A01;3;1;0;0;0;1;5;
202000024828;154 698 554;B01;1;1;0;2;1;19;5;
202000024832;154 698 548;A01;1;1;0;2;1;1;5;
202000024840;154 698 534;B01;1;1;0;2;8;1;5;
202000024883;154 698 447;B01;2;1;0;2;7;1;5;
202000024911;154 698 396;A01;0;1;0;2;1;19;5;
202000024919;154 698 380;B01;3;1;0;2;0;0;0;
202000024920;154 698 378;A01;3;1;0;4;2;19;5;
202000024921;154 698 375;B01;2;1;0;2;1;1;5;
202000024927;154 698 366;B01;0;1;0;2;1;1;5;
202000024930;154 698 361;B01;2;1;0;2;1;1;5;
202000024933;154 698 358;B01;1;1;0;2;0;0;5;
202000024935;154 698 355;B01;3;1;0;2;7;19;5;
202000024936;154 698 351;C01;0;1;0;2;1;1;5;
202000024936;154 698 352;B01;0;1;0;2;1;1;5;
202000024944;154 698 339;B01;2;1;0;2;3;1;5;
202000024955;154 698 323;A01;1;1;0;1;1;1;5;
202000024956;154 698 321;B01;1;1;0;2;3;18;5;
202000024958;154 698 319;B01;1;80;0;2;3;1;3;
202000024960;154 698 315;A01;1;1;0;2;1;8;5;
202000024962;154 698 312;B01;2;1;0;2;1;1;5;
202000024963;154 698 310;B01;2;1;0;2;1;1;5;
202000024964;154 698 308;B01;1;1;0;2;1;1;5;
202000024965;154 698 306;B01;2;1;0;2;1;1;5;
202000024966;154 698 304;B01;2;1;0;2;0;1;5;
202000024971;154 698 295;B01;1;1;0;2;3;16;5;
202000024975;154 698 286;A01;2;1;0;2;1;1;5;
202000024986;154 698 265;A01;1;1;0;2;8;19;5;
202000024989;154 698 260;A01;1;1;0;0;0;0;5;
202000024990;154 698 259;B01;0;1;0;2;4;16;5;
202000025006;154 698 229;A01;1;1;0;0;0;1;5;
202000025022;154 698 201;A01;2;1;0;1;1;1;5;
202000025031;154 698 187;B01;1;1;13;0;4;2;6;
202000025049;154 698 159;B01;1;1;0;2;1;1;5;
202000025065;154 698 128;A01;2;1;5;9;2;0;5;
202000025066;154 698 125;C01;2;1;0;2;1;1;5;
202000025066;154 698 126;B01;2;1;0;2;1;1;5;
202000025072;154 698 116;B01;2;1;0;2;3;1;5;
202000025085;154 698 086;B01;3;1;0;2;8;0;5;
202000025092;154 698 071;Y01;1;1;0;2;1;18;0;
202000025100;154 698 057;A01;3;1;0;2;1;19;5;
202000025105;154 698 050;B01;2;1;0;2;6;15;5;
202000025121;154 698 015;A01;1;1;0;2;3;11;5;
202000025129;154 698 002;B01;1;1;0;2;1;11;5;
202000025141;154 697 981;B01;2;1;0;2;4;1;5;
202000025159;154 697 953;A01;1;1;0;2;4;1;5;
202000025164;154 697 941;B01;1;1;0;2;7;19;5;
202000025169;154 697 931;B01;2;1;0;2;1;2;5;
202000025172;154 697 929;B01;1;1;0;2;8;1;5;
202000025177;154 697 919;B01;0;1;0;2;7;15;0;
202000025183;154 697 911;A01;1;1;0;2;8;19;5;
202000025185;154 697 908;A01;3;1;0;0;0;1;5;
202000025191;154 697 899;A01;2;1;0;2;1;1;5;
202000025198;154 697 889;B01;1;1;0;2;7;1;0;
202000025200;154 697 886;B01;2;1;0;2;4;14;5;
202000025202;154 697 880;B01;1;1;0;2;7;5;6;
202000025209;154 697 866;B01;2;1;0;2;1;1;5;
202000025210;154 697 867;B01;1;1;0;2;8;2;0;
202000025211;154 697 864;B01;0;1;0;2;1;5;5;
202000025229;154 697 831;A01;1;1;0;2;1;5;5;
202000025238;154 697 816;A01;2;1;13;0;4;1;5;
202000025238;154 697 818;B01;2;1;0;0;0;1;5;
202000025254;154 697 784;B01;2;1;0;2;1;1;5;
202000025255;154 697 782;Z01;3;1;0;1;0;25;5;
202000025261;154 697 776;A01;3;1;0;1;1;1;5;
202000025262;154 697 775;A01;3;1;0;0;1;1;5;
202000025267;154 697 768;B01;3;1;0;2;0;0;5;
202000025273;154 697 756;B01;1;1;0;2;1;1;0;
202000025288;154 697 725;B01;1;1;0;2;1;11;5;
202000025292;154 697 719;B01;2;80;0;2;2;1;3;
202000025295;154 697 715;A01;3;1;15;2;0;5;5;
202000025310;154 697 688;B01;1;1;0;2;4;16;0;
202000025320;154 697 666;B01;2;1;0;2;4;1;5;
202000025335;154 697 643;B01;2;1;1;9;1;1;0;
202000025341;154 697 626;B01;0;1;0;2;1;1;0;
202000025345;154 697 621;B01;1;80;0;2;1;1;3;
202000025349;154 697 611;A01;1;1;0;2;1;19;5;
202000025356;154 697 601;B01;1;1;0;2;6;2;5;
202000025370;154 697 575;B01;0;1;0;2;0;0;0;
202000025373;154 697 574;A01;1;1;1;0;1;14;5;
202000025377;154 697 567;A01;2;1;0;2;1;5;5;
202000025378;154 697 564;B01;3;1;0;2;7;1;0;
202000025383;154 697 553;B01;3;1;0;2;1;1;5;
202000025385;154 697 549;B01;3;1;0;2;1;1;5;
202000025386;154 697 551;A01;3;1;0;2;1;2;5;
202000025389;154 697 542;B01;3;1;0;2;3;15;5;
202000025400;154 697 527;B01;3;1;0;2;8;1;5;
202000025407;154 697 511;B01;3;1;0;4;1;1;5;
202000025409;154 697 507;B01;0;1;0;2;9;1;5;
202000025423;154 697 486;A01;1;1;0;2;1;5;5;
202000025428;154 697 474;B01;2;1;0;2;1;1;5;
202000025432;154 697 468;A01;2;1;0;2;8;7;5;
202000025433;154 697 467;B01;3;1;0;2;4;16;5;
202000025439;154 697 463;B01;2;1;0;2;2;1;5;
202000025440;154 697 455;A01;1;1;14;0;7;12;5;
202000025441;154 697 454;B01;1;1;0;2;6;2;5;
202000025443;154 697 453;B01;2;80;0;2;3;1;3;
202000025450;154 697 442;B01;2;1;0;2;1;1;0;
202000025455;154 697 435;A01;2;1;0;2;2;1;5;
202000025458;154 697 429;A01;2;1;0;0;0;1;5;
202000025462;154 697 426;B01;1;1;0;2;1;21;5;
202000025477;154 697 396;A01;3;1;1;2;1;15;0;
202000025485;154 697 383;B01;1;1;0;2;1;2;5;
202000025499;154 697 357;A01;3;1;0;2;8;19;5;
202000025506;154 697 352;B01;1;1;0;2;8;15;5;
202000025511;154 697 334;A01;0;1;0;0;1;0;5;
202000025562;154 697 252;B01;2;1;0;2;0;0;5;
202000025567;154 697 251;B01;3;1;0;2;1;26;5;
202000025586;154 697 226;B01;1;1;0;2;8;2;5;
202000025607;154 697 172;A01;1;1;0;2;4;1;5;
202000025625;154 697 143;A01;1;80;0;1;1;1;3;
202000025638;154 697 120;B01;3;1;0;2;2;1;5;
202000025642;154 697 115;B01;3;1;0;2;1;1;5;
202000025649;154 697 106;B01;0;1;0;2;1;1;0;
202000025657;154 697 085;A01;0;80;0;2;5;1;3;
202000025670;154 697 063;A01;3;1;0;2;7;1;5;
202000025673;154 697 056;A01;1;1;0;1;1;1;5;
202000025682;154 697 041;B01;1;80;0;2;8;2;3;
202000025683;154 697 038;B01;2;1;0;2;1;1;5;
202000025710;154 696 990;A01;1;1;0;2;7;15;5;
202000025743;154 696 943;B01;1;1;0;2;4;1;5;
202000025749;154 696 936;A01;2;1;0;2;1;16;5;
202000025773;154 696 895;A01;3;1;0;1;8;5;5;
202000025779;154 696 887;B01;1;1;0;2;8;9;5;
202000025780;154 696 884;B01;2;1;0;0;8;2;5;
202000025812;154 696 831;B01;3;1;0;2;8;19;6;
202000025817;154 696 822;A01;2;1;0;0;0;26;5;
202000025822;154 696 813;B01;3;1;0;2;1;5;5;
202000025827;154 696 805;A01;1;1;0;2;4;1;5;
202000025861;154 696 756;A01;2;1;0;2;1;15;5;
202000025870;154 696 743;A01;1;1;0;0;1;0;5;
202000025873;154 696 737;A01;1;1;0;2;8;1;0;
202000025876;154 696 733;A01;1;1;13;0;0;14;6;
202000025890;154 696 717;B01;2;1;0;2;4;9;6;
202000025898;154 696 705;A01;0;1;0;2;1;19;5;
202000025928;154 696 660;B01;1;1;0;2;1;5;5;
202000025937;154 696 647;A01;1;1;0;2;1;5;5;
202000025941;154 696 639;B01;3;1;0;2;3;1;5;
202000025944;154 696 633;A01;2;80;12;0;1;1;3;
202000025945;154 696 629;A01;2;1;0;2;1;19;5;
202000025955;154 696 612;B01;1;1;0;2;7;1;5;
202000025960;154 696 603;B01;1;1;13;2;6;1;5;
202000025983;154 696 564;A01;2;1;0;2;5;1;5;
202000026009;154 696 505;B01;3;1;0;2;1;1;0;
202000026014;154 696 495;B01;1;1;0;2;8;1;5;
202000026029;154 696 468;B01;0;1;0;2;7;0;5;
202000026036;154 696 453;B01;1;1;0;2;2;1;5;
202000026045;154 696 436;B01;2;1;0;2;7;1;5;
202000026047;154 696 433;B01;1;1;0;2;1;1;5;
202000026048;154 696 431;A01;1;1;8;0;1;1;5;
202000026054;154 696 419;A01;3;1;0;2;1;9;5;
202000026057;154 696 415;A01;2;1;0;2;1;26;5;
202000026074;154 696 384;A01;1;1;0;1;0;1;5;
202000026077;154 696 381;B01;1;1;0;2;1;1;5;
202000026079;154 696 378;A01;2;1;0;1;1;1;5;
202000026082;154 696 374;B01;2;1;0;2;8;1;5;
202000026085;154 696 368;A01;2;1;0;0;0;5;5;
202000026086;154 696 367;A01;0;1;14;0;0;14;5;
202000026087;154 696 366;B01;1;1;0;2;7;7;5;
202000026105;154 696 339;A01;3;80;0;2;1;1;3;
202000026122;154 696 311;B01;1;1;1;0;2;1;5;
202000026131;154 696 287;B01;3;1;0;2;4;16;5;
202000026136;154 696 278;B01;2;1;0;0;4;2;5;
202000026152;154 696 252;B01;3;1;0;2;7;2;6;
202000026153;154 696 249;A01;3;1;0;2;2;9;5;
202000026160;154 696 236;B01;2;1;0;2;1;1;5;
202000026161;154 696 234;B01;1;1;0;2;7;1;5;
202000026167;154 696 225;B01;0;80;0;0;0;0;3;
202000026181;154 696 202;B01;2;1;0;2;1;0;5;
202000026182;154 696 200;B01;3;1;0;2;1;1;5;
202000026185;154 696 194;C01;2;1;0;2;0;0;5;
202000026216;154 696 138;B01;1;1;0;2;7;14;5;
202000026225;154 696 119;B01;1;1;0;2;1;1;5;
202000026227;154 696 115;A01;2;1;0;2;1;2;5;
202000026229;154 696 113;B01;2;1;0;2;2;19;5;
202000026230;154 696 111;A01;2;1;0;0;0;1;5;
202000026231;154 696 110;A01;3;1;0;0;1;25;5;
202000026240;154 696 096;A01;0;1;0;1;1;1;0;
202000026322;154 695 945;B01;2;1;0;2;8;1;0;
202000026323;154 695 943;A01;1;1;0;0;0;13;5;
202000026331;154 695 932;B01;2;1;0;2;1;1;5;
202000026335;154 695 922;A01;1;1;0;2;1;1;5;
202000026340;154 695 916;B01;2;1;0;2;2;1;5;
202000026349;154 695 898;A01;2;1;0;0;4;26;5;
202000026350;154 695 897;A01;2;1;0;1;1;1;5;
202000026353;154 695 891;B01;1;1;0;2;5;13;5;
202000026358;154 695 882;B01;2;1;0;2;1;1;5;
202000026361;154 695 877;B01;2;1;0;2;8;0;5;
202000026382;154 695 840;B01;2;1;0;2;1;1;5;
202000026384;154 695 835;B01;1;1;0;2;1;1;5;
202000026386;154 695 830;A01;0;1;0;2;5;19;5;
202000026388;154 695 827;Z01;2;1;0;2;0;1;6;
202000026388;154 695 828;A01;1;1;0;2;4;1;5;
202000026391;154 695 822;B01;2;1;0;2;8;1;5;
202000026397;154 695 811;B01;3;1;0;2;1;1;5;
202000026400;154 695 807;Z01;2;1;0;1;1;1;5;
202000026407;154 695 796;B01;-1;1;0;2;-1;-1;-1;
202000026410;154 695 789;A01;1;1;1;0;0;0;0;
202000026411;154 695 788;A01;3;1;0;1;1;1;5;
202000026430;154 695 754;B01;1;1;0;2;8;1;0;
202000026441;154 695 738;B01;1;1;0;2;8;1;5;
202000026459;154 695 704;B01;1;1;0;2;1;1;5;
202000026464;154 695 694;B01;3;1;0;2;1;9;5;
202000026472;154 695 681;A01;3;1;0;2;8;19;5;
202000026478;154 695 668;B01;1;1;0;0;2;1;5;
202000026508;154 695 618;B01;1;1;0;9;7;26;6;
202000026508;154 695 619;A01;2;1;0;9;8;26;6;
202000026509;154 695 617;B01;1;1;0;2;7;1;5;
202000026515;154 695 604;B01;1;1;0;2;1;1;5;
202000026517;154 695 600;B01;1;1;0;2;7;1;6;
202000026519;154 695 595;B01;2;1;0;2;4;1;5;
202000026519;154 695 596;A01;1;1;0;2;1;1;5;
202000026520;154 695 593;B01;2;1;0;2;7;19;5;
202000026526;154 695 583;A01;2;1;0;0;1;1;5;
202000026537;154 695 561;C01;3;1;0;2;8;1;5;
202000026537;154 695 562;B01;3;1;0;2;8;1;5;
202000026541;154 695 555;B01;3;1;0;2;2;1;5;
202000026544;154 695 549;B01;1;1;0;2;0;0;5;
202000026546;154 695 544;B01;1;1;0;0;0;0;5;
202000026547;154 695 542;B01;1;1;0;2;1;0;5;
202000026551;154 695 534;B01;1;1;0;2;8;1;5;
202000026553;154 695 531;A01;3;1;0;2;1;19;0;
202000026558;154 695 520;B01;2;1;0;2;0;1;0;
202000026569;154 695 501;A01;2;1;0;2;1;5;5;
202000026619;154 695 413;B01;2;80;0;2;3;5;3;
202000026620;154 695 411;A01;2;1;0;2;8;19;5;
202000026624;154 695 405;A01;3;1;0;0;0;26;6;
202000026649;154 695 368;A01;2;1;1;0;4;1;5;
202000026675;154 695 326;B01;1;1;0;0;0;0;0;
202000026676;154 695 325;B01;0;1;0;2;0;1;0;
202000026677;154 695 323;B01;2;1;0;2;1;2;5;
202000026707;154 695 279;B01;2;1;0;2;8;2;5;
202000026742;154 695 204;B01;1;1;0;0;4;1;5;
202000026749;154 695 192;A01;3;1;0;1;2;0;-1;
202000026758;154 695 178;B01;2;1;0;0;0;16;5;
202000026759;154 695 175;B01;2;1;0;2;1;1;5;
202000026769;154 695 152;A01;1;1;0;0;0;1;5;
202000026783;154 695 125;B01;1;1;0;2;8;1;-1;
202000026805;154 695 084;A01;1;1;0;0;0;1;5;
202000026834;154 695 035;B01;1;1;0;2;4;1;5;
202000026841;154 695 022;A01;2;1;0;2;1;1;5;
202000026842;154 695 020;A01;2;1;0;0;0;1;5;
202000026845;154 695 015;B01;1;1;0;2;1;1;5;
202000026845;154 695 016;A01;2;1;0;2;1;13;5;
202000026847;154 695 011;B01;2;1;0;2;3;1;5;
202000026847;154 695 012;A01;1;1;0;2;3;11;5;
202000026848;154 695 010;B01;1;1;0;2;8;15;5;
202000026851;154 695 005;B01;0;1;0;2;1;1;0;
202000026853;154 695 001;B01;0;1;0;2;1;1;0;
202000026857;154 694 993;B01;3;1;0;2;8;1;5;
202000026862;154 694 986;B01;1;1;0;2;8;2;5;
202000026873;154 694 966;A01;1;1;0;0;8;1;5;
202000026915;154 694 908;B01;2;1;0;9;0;17;5;
202000026915;154 694 909;A01;2;1;0;9;0;13;5;
202000026924;154 694 892;B01;2;1;0;2;1;17;5;
202000026943;154 694 860;B01;2;1;0;2;8;1;5;
202000026964;154 694 823;B01;1;1;0;0;4;1;5;
202000026964;154 694 824;C01;1;1;0;0;4;1;5;
202000026969;154 694 814;B01;2;1;0;0;4;1;5;
202000026974;154 694 803;A01;0;1;0;0;1;0;5;
202000026977;154 694 796;B01;1;1;0;2;8;1;5;
202000026978;154 694 793;B01;3;1;0;9;1;0;5;
202000026978;154 694 794;A01;3;1;0;9;1;0;5;
202000026980;154 694 789;B01;1;1;0;2;3;1;0;
202000027007;154 694 734;Z01;2;1;0;1;1;1;5;
202000027048;154 694 664;B01;2;1;0;2;2;1;5;
202000027055;154 694 651;B01;0;1;0;2;4;1;5;
202000027068;154 694 629;A01;1;1;0;0;9;1;5;
202000027091;154 694 599;B01;2;1;0;2;1;1;5;
202000027091;154 694 601;A01;1;1;0;2;1;17;5;
202000027110;154 694 561;A01;1;1;0;2;0;0;0;
202000027124;154 694 546;A01;1;1;1;0;1;14;5;
202000027132;154 694 534;B01;2;80;0;2;1;1;3;
202000027132;154 694 535;A01;1;1;0;2;1;21;5;
202000027135;154 694 520;B01;0;1;0;2;1;0;5;
202000027142;154 694 508;A01;0;1;0;2;1;1;5;
202000027175;154 694 455;A01;2;1;0;2;3;1;5;
202000027184;154 694 442;B01;1;1;0;2;1;1;5;
202000027185;154 694 438;B01;2;1;0;2;3;1;5;
202000027194;154 694 425;B01;3;1;0;2;7;1;5;
202000027210;154 694 396;B01;1;1;0;2;0;1;5;
202000027213;154 694 397;A01;2;1;1;0;2;14;5;
202000027216;154 694 391;A01;2;80;1;2;1;1;3;
202000027222;154 694 383;A01;1;1;0;2;6;19;5;
202000027227;154 694 374;Z01;2;1;0;1;1;1;5;
202000027233;154 694 362;A01;0;1;0;0;0;15;5;
202000027240;154 694 346;A01;2;1;0;2;6;1;5;
202000027244;154 694 342;Z01;2;1;0;2;8;20;5;
202000027245;154 694 337;B01;1;1;0;2;8;5;5;
202000027252;154 694 326;A01;1;1;0;2;3;1;5;
202000027255;154 694 325;A01;1;1;0;2;8;10;5;
202000027259;154 694 314;B01;1;1;0;2;8;1;5;
202000027263;154 694 309;A01;2;1;0;1;1;1;5;
202000027266;154 694 304;B01;3;80;0;2;7;1;3;
202000027271;154 694 293;B01;3;80;0;2;7;5;3;
202000027273;154 694 289;B01;1;1;0;2;0;13;5;
202000027276;154 694 288;A01;1;1;0;0;0;1;5;
202000027305;154 694 241;A01;2;1;0;0;8;1;5;
202000027324;154 694 209;Y01;1;1;0;2;4;1;5;
202000027326;154 694 208;B01;0;1;0;2;1;1;5;
202000027358;154 694 147;B01;2;1;0;2;3;19;5;
202000027379;154 694 116;B01;2;1;0;2;2;1;6;
202000027398;154 694 081;B01;1;1;0;2;1;1;5;
202000027399;154 694 079;B01;1;1;0;2;1;9;6;
202000027431;154 694 019;B01;3;1;0;2;7;26;5;
202000027434;154 694 017;B01;1;1;0;2;1;1;5;
202000027452;154 693 988;B01;3;1;0;2;4;1;5;
202000027456;154 693 979;A01;1;1;0;0;0;1;5;
202000027463;154 693 971;B01;2;1;0;0;0;0;5;
202000027467;154 693 965;B01;3;1;0;2;7;15;5;
202000027476;154 693 948;B01;3;1;0;2;1;1;5;
202000027477;154 693 949;A01;2;1;1;2;2;12;5;
202000027479;154 693 942;A01;3;1;0;1;3;19;5;
202000027487;154 693 932;B01;2;1;0;2;2;14;0;
202000027505;154 693 900;B01;2;1;0;2;6;1;5;
202000027519;154 693 881;B01;3;1;0;2;1;1;5;
202000027526;154 693 869;B01;1;1;0;2;5;1;5;
202000027536;154 693 853;B01;2;1;0;2;2;1;5;
202000027550;154 693 823;A01;3;1;0;2;5;1;5;
202000027556;154 693 816;B01;1;80;0;2;0;1;3;