Num_Acc;id_vehicule;num_veh;senc;catv;obs;obsm;choc;manv;motor;occutc
202000031742;154 686 567;B01;2;1;1;0;1;1;5;
202000031745;154 686 564;A01;0;1;0;2;1;19;5;
202000031749;154 686 558;B01;1;1;0;2;1;0;5;
202000031751;154 686 553;B01;0;1;0;2;1;1;5;
202000031751;154 686 554;A01;0;1;0;2;1;1;5;
202000031759;154 686 539;A01;2;1;0;2;2;13;5;
202000031765;154 686 527;A01;3;1;0;2;1;5;5;
202000031796;154 686 475;B01;3;1;0;0;4;1;5;
202000031816;154 686 442;A01;1;1;0;2;7;13;5;
202000031817;154 686 441;B01;3;1;0;2;1;19;5;
202000031820;154 686 434;B01;1;1;0;2;8;1;0;
202000031826;154 686 425;Y01;3;1;8;0;1;26;0;
202000031838;154 686 393;A01;1;80;0;2;2;1;3;
202000031844;154 686 384;A01;0;1;0;2;1;1;5;
202000031856;154 686 365;B01;3;1;0;2;1;1;5;
202000031859;154 686 358;A01;1;1;0;1;1;1;5;
202000031863;154 686 351;A01;1;1;0;1;1;1;5;
202000031878;154 686 326;A01;1;1;0;0;9;1;5;
202000031886;154 686 316;B01;3;1;0;2;1;1;0;
202000031924;154 686 250;B01;1;1;0;2;1;2;5;
202000031927;154 686 245;B01;3;1;0;2;1;1;5;
202000031946;154 686 211;B01;2;1;0;2;1;1;5;
202000031951;154 686 202;A01;1;1;0;2;8;9;5;
202000031956;154 686 194;B01;1;1;0;2;4;2;5;
202000031964;154 686 183;B01;2;1;0;2;1;1;5;
202000031965;154 686 181;A01;1;1;0;1;1;1;5;
202000031966;154 686 180;A01;0;80;0;0;0;9;3;
202000031968;154 686 178;A01;1;1;0;0;2;1;5;
202000031976;154 686 167;B01;2;1;0;2;1;1;5;
202000031979;154 686 162;A01;0;1;0;2;0;26;0;
202000031988;154 686 148;A01;2;1;0;1;1;5;5;
202000032012;154 686 113;B01;3;1;0;0;5;1;5;
202000032031;154 686 067;A01;1;1;0;2;1;5;5;
202000032036;154 686 060;A01;1;1;0;2;0;13;5;
202000032053;154 686 030;A01;1;1;0;2;6;19;5;
202000032064;154 686 010;B01;1;1;0;2;8;1;5;
202000032080;154 685 981;B01;3;1;0;2;7;19;5;
202000032090;154 685 964;B01;1;1;0;2;0;26;5;
202000032092;154 685 960;A01;2;1;0;2;1;5;5;
202000032114;154 685 926;B01;0;1;0;2;0;1;5;
202000032125;154 685 906;A01;2;1;0;2;0;9;5;
202000032144;154 685 879;A01;2;1;0;0;4;1;5;
202000032157;154 685 861;A01;3;1;14;0;1;2;5;
202000032165;154 685 848;B01;0;1;0;2;0;0;5;
202000032181;154 685 825;A01;3;1;0;2;1;16;5;
202000032183;154 685 822;A01;2;1;6;0;1;0;5;
202000032237;154 685 722;C01;2;1;1;2;0;0;5;
202000032245;154 685 708;B01;1;1;0;2;1;1;5;
202000032254;154 685 693;A01;1;1;0;2;2;2;5;
202000032256;154 685 689;A01;1;1;0;2;3;1;5;
202000032257;154 685 688;A01;1;1;14;0;1;14;5;
202000032259;154 685 684;A01;3;1;0;2;1;15;5;
202000032269;154 685 666;A01;2;1;0;2;0;5;5;
202000032271;154 685 663;B01;2;1;0;2;1;2;5;
202000032287;154 685 635;B01;3;1;0;2;1;1;5;
202000032287;154 685 636;A01;3;1;0;0;4;13;5;
202000032292;154 685 627;A01;1;1;0;2;1;13;5;
202000032302;154 685 615;B01;2;1;0;2;1;1;5;
202000032309;154 685 603;A01;1;1;0;0;0;1;5;
202000032316;154 685 593;A01;2;1;4;0;1;1;6;
202000032317;154 685 591;A01;1;1;0;2;1;13;5;
202000032372;154 685 504;B01;1;1;0;2;8;19;5;
202000032382;154 685 489;B01;3;1;0;2;8;1;5;
202000032406;154 685 456;B01;3;1;0;2;8;19;5;
202000032419;154 685 426;B01;2;1;0;2;1;1;5;
202000032428;154 685 412;B01;1;1;0;0;0;23;5;
202000032431;154 685 407;B01;1;1;0;2;8;16;5;
202000032437;154 685 399;B01;3;1;0;2;7;19;5;
202000032458;154 685 362;A01;3;1;12;0;7;1;5;
202000032475;154 685 334;B01;1;1;12;2;8;1;5;
202000032480;154 685 326;A01;1;1;0;2;6;1;5;
202000032482;154 685 321;A01;1;1;0;2;8;25;6;
202000032503;154 685 289;A01;3;80;2;0;1;1;3;
202000032563;154 685 192;A01;3;1;0;2;2;26;5;
202000032568;154 685 183;B01;2;1;0;2;0;0;5;
202000032584;154 685 157;B01;1;1;0;2;1;2;5;
202000032600;154 685 128;B01;1;1;0;2;2;9;5;
202000032603;154 685 123;B01;1;1;0;2;6;26;5;
202000032615;154 685 101;B01;0;1;0;2;5;1;0;
202000032616;154 685 099;A01;0;1;0;2;8;25;5;
202000032625;154 685 082;B01;0;1;0;2;7;1;5;
202000032627;154 685 078;B01;1;1;0;2;8;1;5;
202000032627;154 685 080;A01;1;1;0;2;2;17;5;
202000032635;154 685 065;B01;2;80;0;2;5;1;2;
202000032658;154 685 028;B01;1;1;0;2;5;19;5;
202000032673;154 685 004;A01;1;1;0;1;1;1;5;
202000032680;154 684 993;A01;1;1;0;2;0;1;5;
202000032682;154 684 991;A01;1;1;0;1;1;1;5;
202000032711;154 684 941;B01;1;1;0;2;4;5;5;
202000032715;154 684 933;B01;1;1;0;2;4;2;5;
202000032716;154 684 930;A01;3;1;0;2;8;1;5;
202000032722;154 684 918;B01;3;1;0;2;2;1;5;
202000032725;154 684 913;A01;2;1;0;1;0;26;5;
202000032732;154 684 902;A01;3;1;0;2;0;1;5;
202000032748;154 684 880;B01;1;1;0;0;4;26;5;
202000032752;154 684 875;A01;1;1;0;2;1;5;5;
202000032754;154 684 870;A01;2;1;0;2;7;9;5;
202000032764;154 684 855;A01;3;1;0;2;7;1;5;
202000032767;154 684 848;C01;2;1;0;2;4;1;5;
202000032768;154 684 847;B01;3;1;0;2;7;19;5;
202000032774;154 684 836;B01;0;1;0;2;1;0;0;
202000032775;154 684 834;B01;0;1;0;2;7;1;0;
202000032798;154 684 797;B01;3;1;0;2;7;1;5;
202000032802;154 684 792;B01;2;1;0;2;8;1;5;
202000032803;154 684 790;A01;1;1;0;2;1;1;5;
202000032811;154 684 776;B01;2;1;0;2;5;15;5;
202000032812;154 684 774;B01;1;1;0;2;1;1;5;
202000032813;154 684 772;A01;2;80;0;1;1;2;3;
202000032815;154 684 769;B01;3;80;0;2;0;21;3;
202000032817;154 684 764;B01;2;1;0;2;4;1;5;
202000032817;154 684 765;A01;2;1;0;2;1;13;5;
202000032819;154 684 761;A01;1;1;14;0;0;11;5;
202000032820;154 684 760;B01;2;1;0;2;1;1;6;
202000032841;154 684 724;A01;2;1;0;1;1;26;5;
202000032842;154 684 722;B01;1;1;0;2;4;2;5;
202000032861;154 684 689;A01;1;1;0;0;0;0;5;
202000032867;154 684 682;A01;2;1;0;0;0;16;5;
202000032889;154 684 647;B01;1;1;0;2;1;1;5;
202000032889;154 684 648;C01;1;1;0;2;1;1;5;
202000032913;154 684 604;A01;2;1;14;0;1;1;6;
202000032939;154 684 556;A01;2;1;0;2;0;1;5;
202000032983;154 684 468;B01;3;1;0;2;7;1;5;
202000032988;154 684 461;B01;2;1;0;2;1;1;5;
202000032989;154 684 458;B01;2;1;0;2;1;1;5;
202000032992;154 684 452;A01;3;80;0;2;4;1;3;
202000033014;154 684 417;B01;3;1;0;2;1;1;5;
202000033019;154 684 409;B01;2;1;0;0;0;0;0;
202000033025;154 684 400;A01;3;1;0;2;8;19;5;
202000033026;154 684 398;B01;3;1;0;2;3;26;5;
202000033039;154 684 387;B01;0;1;0;2;1;1;5;
202000033065;154 684 320;B01;1;1;0;2;6;1;0;
202000033069;154 684 315;A01;1;1;0;1;1;26;5;
202000033075;154 684 305;B01;1;1;0;2;8;1;0;
202000033076;154 684 301;B01;1;1;1;0;1;1;5;
202000033082;154 684 292;A01;1;1;0;2;7;16;5;
202000033085;154 684 286;B01;3;1;0;2;1;1;5;
202000033099;154 684 268;B01;1;1;0;2;0;0;0;
202000033104;154 684 259;A01;3;80;0;0;0;1;3;
202000033107;154 684 254;A01;2;1;0;1;1;1;5;
202000033108;154 684 253;A01;1;1;11;0;1;13;5;
202000033112;154 684 246;B01;1;1;0;2;0;1;5;
202000033131;154 684 211;A01;2;1;0;2;1;14;5;
202000033137;154 684 201;A01;2;1;0;2;1;1;5;
202000033141;154 684 193;B01;2;1;0;2;4;1;5;
202000033146;154 684 185;A01;2;1;0;2;0;25;5;
202000033149;154 684 180;B01;1;1;0;2;3;17;5;
202000033156;154 684 169;B01;1;1;0;2;1;1;5;
202000033164;154 684 155;B01;1;1;0;2;4;2;5;
202000033167;154 684 152;B01;3;1;0;2;4;15;5;
202000033190;154 684 111;B01;2;1;0;2;1;2;5;
202000033194;154 684 102;A01;2;1;0;2;1;13;5;
202000033236;154 684 013;A01;1;1;0;2;1;16;5;
202000033247;154 684 001;B01;3;1;0;2;3;1;5;
202000033274;154 683 948;A01;1;1;0;2;1;19;5;
202000033277;154 683 940;A01;3;1;0;2;6;19;5;
202000033290;154 683 922;A01;1;1;0;2;3;1;5;
202000033293;154 683 916;B01;3;1;0;2;1;1;5;
202000033300;154 683 905;B01;2;1;0;2;8;1;5;
202000033308;154 683 891;A01;3;1;0;0;1;0;0;
202000033310;154 683 892;A01;3;1;4;0;1;14;5;
202000033311;154 683 889;B01;2;1;0;2;0;1;5;
202000033319;154 683 876;B01;1;1;0;2;3;1;5;
202000033327;154 683 862;A01;1;80;12;0;1;9;3;
202000033334;154 683 849;B01;1;1;0;2;3;1;5;
202000033338;154 683 843;A01;1;1;1;0;7;14;5;
202000033339;154 683 838;A01;0;1;0;2;1;1;5;
202000033345;154 683 831;B01;1;1;0;2;1;16;5;
202000033349;154 683 823;A01;1;1;0;2;6;2;5;
202000033355;154 683 810;B01;1;1;0;2;3;9;5;
202000033359;154 683 801;B01;1;1;0;2;4;13;5;
202000033365;154 683 788;B01;0;1;1;0;1;0;5;
202000033423;154 683 689;A01;1;1;0;0;0;1;5;
202000033438;154 683 662;A01;1;1;0;2;1;1;5;
202000033438;154 683 664;B01;1;1;0;2;1;1;5;
202000033454;154 683 630;B01;2;1;0;2;0;1;5;
202000033456;154 683 637;B01;1;1;0;2;1;19;5;
202000033463;154 683 612;A01;1;1;0;2;1;5;5;
202000033463;154 683 613;B01;2;1;0;2;1;1;5;
202000033505;154 683 540;B01;2;1;0;2;1;13;5;
202000033525;154 683 505;B01;0;1;0;2;8;1;5;
202000033551;154 683 454;B01;1;1;0;2;7;0;5;
202000033556;154 683 447;B01;1;1;0;2;8;1;0;
202000033560;154 683 444;B01;2;1;0;2;7;1;0;
202000033575;154 683 412;Y01;0;1;0;2;4;26;0;
202000033590;154 683 383;A01;1;1;0;2;3;26;5;
202000033591;154 683 382;A01;2;1;12;0;7;26;0;
202000033614;154 683 345;B01;1;1;0;2;2;19;6;
202000033622;154 683 329;A01;0;1;0;2;1;13;5;
202000033638;154 683 307;B01;2;1;0;2;1;1;5;
202000033658;154 683 274;B01;2;80;0;2;8;1;3;
202000033676;154 683 241;B01;1;1;0;2;1;18;0;
202000033679;154 683 237;A01;1;1;15;0;1;1;5;
202000033686;154 683 227;B01;2;1;0;2;0;1;5;
202000033699;154 683 202;A01;1;1;0;2;1;1;5;
202000033699;154 683 206;B01;2;1;0;2;1;13;5;
202000033703;154 683 197;A01;1;1;0;2;2;13;5;
202000033703;154 683 198;B01;1;1;0;2;8;13;5;
202000033708;154 683 187;B01;1;1;0;2;0;0;0;
202000033710;154 683 183;B01;1;1;0;2;1;2;5;
202000033722;154 683 162;B01;1;1;0;2;1;1;5;
202000033733;154 683 147;B01;2;1;0;2;1;1;5;
202000033741;154 683 134;A01;1;1;0;1;1;1;5;
202000033744;154 683 128;B01;2;1;0;2;1;1;5;
202000033746;154 683 124;A01;2;1;0;0;8;1;5;
202000033749;154 683 120;A01;2;1;0;1;1;1;5;
202000033755;154 683 109;B01;2;1;0;2;0;1;5;
202000033757;154 683 104;B01;0;1;1;0;0;0;0;
202000033766;154 683 089;B01;1;1;0;2;3;1;5;
202000033772;154 683 079;A01;1;80;0;2;4;2;3;
202000033781;154 683 066;B01;2;1;0;0;7;1;5;
202000033796;154 683 045;A01;2;1;0;0;0;1;5;
202000033854;154 682 943;B01;1;1;0;2;7;1;5;
202000033856;154 682 938;B01;2;1;0;2;8;19;5;
202000033862;154 682 929;B01;3;1;0;2;7;15;5;
202000033873;154 682 906;B01;3;1;0;2;2;1;0;
202000033875;154 682 902;A01;1;1;0;1;1;1;5;
202000033876;154 682 900;A01;1;1;0;2;1;13;5;
202000033882;154 682 892;B01;1;1;0;2;7;15;5;
202000033884;154 682 887;B01;1;1;0;2;1;1;5;
202000033886;154 682 883;A01;2;1;0;2;0;1;5;
202000033888;154 682 879;B01;2;1;0;2;1;15;5;
202000033891;154 682 874;A01;1;80;0;2;8;13;3;
202000033893;154 682 870;A01;2;1;0;2;7;14;5;
202000033895;154 682 867;A01;2;1;0;1;1;7;5;
202000033896;154 682 866;A01;2;1;0;2;3;1;5;
202000033918;154 682 827;B01;3;1;0;2;4;2;5;
202000033953;154 682 762;B01;1;1;0;2;4;0;5;
202000033997;154 682 684;B01;1;1;0;2;1;1;5;
202000034001;154 682 680;B01;1;1;0;2;1;19;5;
202000034004;154 682 674;B01;3;1;0;2;4;1;5;
202000034015;154 682 653;B01;3;1;0;2;1;1;5;
202000034017;154 682 649;B01;1;1;0;2;1;1;5;
202000034023;154 682 638;B01;2;1;0;2;1;1;5;
202000034026;154 682 632;B01;3;1;0;2;1;1;5;
202000034029;154 682 628;B01;0;1;0;2;3;15;5;
202000034030;154 682 625;A01;0;80;0;2;8;16;2;
202000034036;154 682 615;B01;2;1;0;2;8;1;5;
202000034045;154 682 596;B01;3;1;0;2;1;0;5;
202000034046;154 682 595;A01;3;1;0;1;1;1;5;
202000034071;154 682 547;B01;2;1;0;2;8;15;5;
202000034084;154 682 526;B01;3;1;0;2;8;1;5;
202000034088;154 682 518;B01;2;1;0;2;7;1;5;
202000034101;154 682 498;B01;3;1;0;2;4;0;5;
202000034104;154 682 493;A01;1;80;0;2;1;2;3;
202000034105;154 682 491;A01;1;1;0;0;0;1;5;
202000034111;154 682 480;B01;3;1;0;2;1;0;5;
202000034111;154 682 481;A01;3;1;0;2;1;0;5;
202000034119;154 682 465;A01;1;1;0;2;7;1;6;
202000034125;154 682 452;B01;0;1;0;2;8;1;5;
202000034129;154 682 444;B01;1;1;1;0;1;1;0;
202000034133;154 682 437;B01;1;1;0;2;8;19;0;
202000034134;154 682 436;B01;3;1;0;2;8;0;5;
202000034136;154 682 432;Y01;0;1;0;0;0;0;5;
202000034139;154 682 425;B01;1;1;0;2;1;1;5;
202000034149;154 682 410;A01;2;1;0;0;1;26;5;
202000034151;154 682 406;A01;3;1;0;2;1;15;5;
202000034181;154 682 357;A01;1;80;0;2;0;0;3;
202000034188;154 682 346;A01;0;1;14;0;1;13;5;
202000034189;154 682 344;A01;1;1;0;2;3;1;5;
202000034192;154 682 341;A01;2;80;0;1;1;25;3;
202000034195;154 682 335;A01;2;1;0;2;4;14;5;
202000034195;154 682 336;B01;2;1;0;2;1;1;5;
202000034199;154 682 328;A01;1;1;0;1;1;5;5;
202000034200;154 682 327;B01;2;1;1;2;8;1;5;
202000034203;154 682 322;A01;2;1;0;2;1;1;5;
202000034209;154 682 311;B01;2;1;0;2;8;21;0;
202000034217;154 682 295;A01;2;1;0;2;3;1;5;
202000034224;154 682 283;A01;1;1;14;0;1;1;5;
202000034225;154 682 281;Y01;1;1;0;2;8;21;5;
202000034226;154 682 279;A01;1;1;0;2;1;1;5;
202000034227;154 682 277;B01;1;1;0;2;1;1;5;
202000034231;154 682 271;A01;0;1;0;2;1;15;5;
202000034238;154 682 255;A01;0;1;0;0;0;0;5;
202000034248;154 682 239;B01;1;1;0;0;4;2;5;
202000034255;154 682 226;B01;2;1;0;2;8;1;5;
202000034284;154 682 179;B01;1;1;0;2;4;2;-1;
202000034292;154 682 167;A01;2;80;0;2;1;1;3;
202000034305;154 682 146;B01;3;1;0;2;1;26;5;
202000034313;154 682 133;A01;2;1;0;2;1;25;5;
202000034327;154 682 110;B01;2;1;0;2;1;1;5;
202000034332;154 682 102;B01;3;1;0;2;8;15;5;
202000034333;154 682 100;B01;2;1;0;2;1;9;5;
202000034336;154 682 093;B01;1;1;0;2;1;1;5;
202000034338;154 682 088;B01;3;1;0;2;0;0;5;
202000034366;154 682 041;B01;1;1;0;2;8;25;5;
202000034384;154 682 010;B01;2;1;0;2;7;14;5;
202000034387;154 682 004;A01;2;1;0;2;7;19;5;
202000034402;154 681 976;A01;1;1;14;0;0;0;5;
202000034406;154 681 970;B01;1;1;0;0;4;1;5;
202000034412;154 681 959;A01;1;1;1;0;1;1;5;
202000034431;154 681 929;B01;2;1;0;2;1;1;6;
202000034452;154 681 893;B01;1;1;0;0;4;26;5;
202000034481;154 681 834;B01;3;1;0;2;1;1;6;
202000034495;154 681 806;B01;0;1;0;2;7;15;5;
202000034495;154 681 807;C01;0;1;0;2;2;15;5;
202000034499;154 681 798;B01;1;1;0;2;2;1;-1;
202000034501;154 681 794;B01;2;1;0;2;1;1;0;
202000034513;154 681 775;B01;3;1;0;2;1;1;5;
202000034516;154 681 770;B01;2;1;0;2;7;19;5;
202000034531;154 681 740;B01;1;1;0;2;1;1;5;
202000034533;154 681 736;B01;1;1;0;2;3;1;5;
202000034536;154 681 730;A01;1;1;0;2;3;16;5;
202000034537;154 681 729;A01;1;1;0;1;1;1;5;
202000034541;154 681 721;B01;1;1;0;2;1;1;5;
202000034542;154 681 719;B01;2;1;0;2;1;1;0;
202000034544;154 681 716;A01;2;80;0;0;0;1;3;
202000034545;154 681 715;A01;1;1;0;0;0;23;5;
202000034550;154 681 706;A01;3;1;6;9;3;1;5;
202000034550;154 681 707;B01;3;1;6;9;3;1;5;
202000034554;154 681 698;B01;1;1;0;2;1;2;5;
202000034556;154 681 694;B01;2;1;0;2;1;1;5;
202000034560;154 681 687;A01;2;1;0;0;0;1;5;
202000034567;154 681 676;A01;1;80;13;0;0;1;3;
202000034583;154 681 651;B01;2;1;0;2;8;1;5;
202000034596;154 681 633;A01;2;1;12;0;0;1;5;
202000034604;154 681 620;B01;1;1;0;2;8;2;5;
202000034605;154 681 617;B01;1;1;0;0;6;2;5;
202000034618;154 681 598;B01;2;1;0;0;1;21;5;
202000034624;154 681 585;A01;1;1;3;0;1;1;5;
202000034638;154 681 560;A01;2;1;0;2;1;1;6;
202000034694;154 681 456;B01;2;1;0;2;1;1;5;
202000034695;154 681 454;B01;1;1;0;2;4;9;5;
202000034715;154 681 413;B01;2;1;0;2;1;1;5;
202000034726;154 681 393;B01;0;1;0;2;1;5;0;
202000034734;154 681 376;A01;1;1;0;1;1;1;5;
202000034737;154 681 372;B01;1;1;0;2;8;12;5;
202000034758;154 681 339;B01;2;1;0;2;1;1;5;
202000034761;154 681 333;A01;2;1;0;2;4;19;5;
202000034768;154 681 320;Z01;0;1;0;2;0;9;5;
202000034785;154 681 296;B01;0;1;0;2;8;19;5;
202000034790;154 681 287;B01;2;1;0;2;8;19;5;
202000034801;154 681 269;A01;1;1;0;5;1;1;5;
202000034846;154 681 179;A01;0;1;0;0;8;0;5;
202000034849;154 681 175;B01;3;1;0;2;1;5;5;
202000034856;154 681 160;B01;1;1;0;2;8;1;5;
202000034857;154 681 158;A01;2;1;0;2;0;26;5;
202000034884;154 681 107;B01;2;1;0;2;1;1;5;
202000034885;154 681 104;B01;2;1;0;2;7;1;5;
202000034889;154 681 099;B01;1;1;0;2;6;19;5;
202000034891;154 681 096;A01;2;1;0;2;1;13;5;
202000034892;154 681 094;Z01;1;1;0;2;1;1;5;
202000034892;154 681 095;A01;1;1;0;2;2;23;5;
202000034894;154 681 091;B01;2;1;0;2;0;1;5;
202000034894;154 681 092;A01;1;1;0;2;0;17;5;
202000034899;154 681 081;B01;2;1;1;0;1;2;0;
202000034904;154 681 075;A01;3;1;14;0;1;1;5;
202000034917;154 681 048;A01;1;1;1;2;8;21;5;
202000034931;154 681 022;B01;3;1;0;2;1;16;5;
202000034942;154 681 006;B01;2;1;0;2;1;1;5;
202000034943;154 681 004;A01;1;80;0;9;4;1;3;
202000034945;154 681 002;B01;2;1;0;2;8;15;5;
202000034970;154 680 962;B01;2;1;0;2;1;0;0;
202000034972;154 680 957;B01;1;1;0;0;0;0;5;
202000034993;154 680 919;B01;1;1;0;2;1;1;0;
202000035003;154 680 906;A01;1;1;0;2;8;1;5;
202000035014;154 680 888;A01;1;1;0;2;3;1;5;
202000035016;154 680 884;B01;3;1;0;2;1;1;5;
202000035020;154 680 877;B01;2;1;0;2;1;1;5;
202000035022;154 680 874;B01;2;1;0;2;3;1;5;
202000035023;154 680 870;Z01;1;1;0;2;1;10;5;
202000035023;154 680 871;A01;2;1;0;2;1;1;5;
202000035035;154 680 848;B01;3;1;0;2;1;15;0;
202000035036;154 680 846;A01;1;1;14;0;1;1;5;
202000035044;154 680 832;B01;3;1;0;2;3;19;5;
202000035049;154 680 820;B01;1;1;0;2;8;0;5;
202000035052;154 680 816;B01;3;1;0;2;2;1;0;
202000035087;154 680 757;A01;2;1;0;2;1;9;1;
202000035100;154 680 734;A01;1;1;1;0;1;0;5;
202000035107;154 680 719;B01;3;1;0;2;3;2;0;
202000035111;154 680 712;B01;0;1;0;2;0;0;5;
202000035112;154 680 711;B01;2;80;0;2;1;1;3;
202000035115;154 680 701;B01;3;80;0;2;1;1;3;
202000035126;154 680 683;A01;2;1;0;2;1;9;0;
202000035146;154 680 650;B01;3;1;0;2;1;9;5;
202000035148;154 680 647;A01;3;1;0;9;3;1;5;
202000035160;154 680 622;A01;1;1;0;0;4;1;6;
202000035175;154 680 593;B01;1;1;0;2;7;1;5;
202000035183;154 680 581;B01;1;80;0;2;1;1;3;
202000035216;154 680 529;B01;3;1;0;2;8;15;5;
202000035227;154 680 510;B01;2;1;0;2;5;16;5;
202000035242;154 680 477;B01;2;1;0;2;1;23;0;
202000035246;154 680 466;B01;2;1;0;2;1;25;5;
202000035250;154 680 458;A01;0;1;0;2;1;1;5;
202000035282;154 680 410;B01;2;1;0;2;1;13;5;
202000035290;154 680 387;A01;1;1;0;2;2;1;5;
202000035291;154 680 385;A01;2;1;0;0;0;1;5;
202000035299;154 680 371;A01;2;1;0;1;1;1;5;
202000035302;154 680 389;A01;3;1;0;0;1;1;5;
202000035305;154 680 365;A01;1;1;0;1;1;1;5;
202000035310;154 680 363;A01;0;1;0;2;1;1;5;
202000035337;154 680 309;B01;-1;1;0;2;1;26;5;
202000035365;154 680 257;B01;0;1;0;2;8;1;0;
202000035378;154 680 234;A01;1;1;0;2;8;15;5;
202000035387;154 680 221;B01;3;1;0;2;8;1;5;
202000035394;154 680 208;B01;3;1;0;2;8;1;5;
202000035403;154 680 194;B01;1;1;0;2;1;1;5;
202000035413;154 680 191;A01;1;1;0;0;8;1;5;
202000035419;154 680 165;A01;2;1;14;0;0;17;5;
202000035424;154 680 166;B01;3;1;0;2;7;1;5;
202000035448;154 680 152;B01;2;1;0;2;1;1;0;
202000035465;154 680 069;B01;2;1;0;2;1;1;5;
202000035465;154 680 080;A01;2;80;0;2;1;1;3;
202000035479;154 680 053;A01;2;1;0;2;3;1;5;
202000035485;154 680 039;B01;1;1;0;0;4;1;5;
202000035486;154 680 037;B01;2;1;0;2;1;1;5;
202000035497;154 680 047;B01;2;1;0;2;1;1;5;
202000035499;154 680 014;B01;2;1;0;2;1;1;5;
202000035499;154 680 018;A01;2;1;0;2;8;1;5;
202000035514;154 679 990;B01;1;1;0;2;1;1;5;
202000035532;154 679 962;B01;1;80;0;2;3;1;3;
202000035533;154 679 961;A01;2;1;0;2;1;1;5;
202000035538;154 679 948;A01;2;80;0;0;0;1;3;
202000035546;154 679 926;A01;1;1;0;0;0;2;5;
202000035558;154 679 920;A01;2;1;0;1;7;18;5;
202000035577;154 679 868;A01;1;1;0;2;1;0;0;
202000035589;154 679 852;B01;3;80;0;2;8;1;3;
202000035598;154 679 835;B01;2;1;0;2;4;1;5;
202000035608;154 679 818;B01;2;1;0;2;4;1;0;
202000035613;154 679 809;B01;3;1;0;2;2;2;5;
202000035614;154 679 816;B01;2;1;0;2;8;1;5;
202000035620;154 679 793;A01;2;1;0;2;7;1;5;
202000035621;154 679 802;C01;2;1;0;2;1;7;5;
202000035623;154 679 789;B01;3;1;0;2;7;19;5;
202000035635;154 679 769;B01;2;80;0;2;8;15;3;
202000035641;154 679 757;A01;1;1;0;2;1;13;5;
202000035645;154 679 751;A01;1;1;0;2;8;26;5;
202000035660;154 679 726;A01;1;1;0;2;8;1;5;
202000035662;154 679 725;Z01;1;1;0;1;1;1;5;
202000035666;154 679 710;Z01;2;1;0;1;1;1;5;
202000035669;154 679 718;B01;2;1;0;2;1;1;5;
202000035677;154 679 688;A01;2;1;0;2;1;2;5;
202000035680;154 679 682;B01;2;1;0;2;1;1;5;
202000035683;154 679 703;A01;1;1;0;0;0;1;5;
202000035685;154 679 675;B01;2;1;0;2;1;1;5;
202000035693;154 679 660;A01;1;1;0;1;2;1;5;
202000035703;154 679 653;B01;2;1;0;2;0;1;5;
202000035726;154 679 607;B01;2;1;1;0;3;1;5;
202000035729;154 679 602;B01;3;1;0;2;1;1;5;
202000035732;154 679 592;B01;1;1;0;2;1;1;5;
202000035752;154 679 560;B01;1;1;0;2;1;1;5;
202000035757;154 679 552;Y01;3;1;0;2;1;19;0;
202000035770;154 679 530;A01;1;1;0;0;0;0;5;
202000035774;154 679 521;A01;2;1;0;2;4;11;5;
202000035776;154 679 519;B01;2;1;0;0;4;26;5;
202000035783;154 679 503;A01;2;80;0;6;1;0;3;