Num_Acc;id_vehicule;num_veh;senc;catv;obs;obsm;choc;manv;motor;occutc
202000043864;154 665 160;A01;1;1;0;2;0;1;0;
202000043871;154 665 145;A01;1;1;0;2;8;5;0;
202000043874;154 665 139;B01;2;1;0;0;3;13;5;
202000043874;154 665 140;A01;2;1;0;2;1;17;5;
202000043889;154 665 115;A01;2;1;0;2;1;1;5;
202000043890;154 665 113;B01;2;1;0;9;4;1;5;
202000043890;154 665 114;A01;2;1;0;9;1;1;5;
202000043908;154 665 079;B01;0;80;0;2;1;1;3;
202000043912;154 665 072;A01;1;1;0;2;1;5;5;
202000043913;154 665 070;B01;1;1;0;2;1;1;0;
202000043928;154 665 045;A01;2;1;0;2;1;1;5;
202000043933;154 665 038;A01;1;1;0;2;1;2;5;
202000043935;154 665 033;B01;2;1;0;2;8;1;5;
202000043940;154 665 026;A01;2;80;12;0;7;12;3;
202000043961;154 664 991;A01;1;1;0;0;0;26;5;
202000043967;154 664 981;B01;2;1;0;2;1;15;5;
202000043974;154 664 971;B01;1;1;0;2;1;13;5;
202000043977;154 664 964;A01;1;1;0;2;1;1;5;
202000043978;154 664 962;B01;1;1;0;2;3;1;5;
202000043979;154 664 959;B01;3;1;0;2;1;1;5;
202000043981;154 664 956;A01;1;1;0;0;1;21;5;
202000043982;154 664 954;A01;2;1;0;2;3;1;5;
202000043983;154 664 953;A01;3;1;0;5;7;1;5;
202000043989;154 664 943;A01;2;1;0;0;7;1;5;
202000043991;154 664 939;B01;2;1;0;2;6;1;5;
202000043993;154 664 936;A01;1;1;0;2;2;1;5;
202000043996;154 664 931;A01;1;1;0;0;1;25;5;
202000044001;154 664 922;B01;2;1;0;2;2;1;5;
202000044001;154 664 923;C01;3;1;0;0;0;0;5;
202000044003;154 664 919;A01;2;1;0;2;1;1;5;
202000044016;154 664 895;A01;1;1;12;0;0;9;5;
202000044017;154 664 893;B01;2;1;0;2;1;1;5;
202000044021;154 664 885;B01;1;1;0;2;1;1;5;
202000044056;154 664 818;B01;1;1;0;2;6;2;5;
202000044063;154 664 805;A01;2;1;0;0;9;1;5;
202000044069;154 664 795;B01;0;1;0;2;8;1;5;
202000044077;154 664 781;Z01;2;1;0;1;0;1;5;
202000044094;154 664 753;A01;2;1;0;2;4;15;5;
202000044095;154 664 752;A01;2;1;0;1;2;2;5;
202000044096;154 664 750;B01;1;1;0;2;8;1;5;
202000044098;154 664 747;Z01;2;1;0;1;1;1;5;
202000044106;154 664 734;B01;0;1;0;0;8;1;0;
202000044120;154 664 711;B01;2;1;0;2;8;26;5;
202000044137;154 664 679;B01;3;1;0;2;1;1;5;
202000044143;154 664 669;A01;2;1;1;0;1;1;5;
202000044153;154 664 654;B01;1;1;0;2;1;15;5;
202000044179;154 664 597;A01;1;1;0;2;8;1;5;
202000044194;154 664 573;B01;2;1;0;2;1;1;5;
202000044213;154 664 540;B01;1;1;0;2;1;1;6;
202000044214;154 664 539;B01;3;1;0;2;1;1;5;
202000044216;154 664 534;B01;2;1;0;0;0;0;5;
202000044239;154 664 492;B01;0;1;0;2;3;19;5;
202000044244;154 664 483;B01;1;1;14;0;8;2;0;
202000044247;154 664 479;A01;1;1;0;0;1;0;5;
202000044256;154 664 463;B01;2;1;0;2;8;19;5;
202000044257;154 664 461;B01;2;1;0;2;2;1;5;
202000044262;154 664 450;B01;1;1;0;2;1;17;2;
202000044263;154 664 448;A01;2;1;0;2;7;5;5;
202000044268;154 664 442;A01;2;1;0;2;1;1;5;
202000044271;154 664 435;A01;3;1;0;0;0;1;5;
202000044283;154 664 415;B01;1;80;14;0;1;2;3;
202000044286;154 664 409;C01;1;1;0;2;4;26;6;
202000044287;154 664 404;B01;2;1;0;2;1;25;5;
202000044290;154 664 402;B01;3;1;0;2;7;26;5;
202000044328;154 664 321;A01;1;1;0;2;1;1;0;
202000044344;154 664 302;B01;1;80;0;2;4;1;3;
202000044346;154 664 287;B01;1;1;0;2;3;1;5;
202000044350;154 664 280;A01;1;1;0;2;4;1;5;
202000044355;154 664 272;B01;2;1;0;2;1;9;5;
202000044359;154 664 266;Z01;1;1;0;2;3;9;5;
202000044360;154 664 263;A01;2;1;0;0;0;1;5;
202000044362;154 664 260;A01;2;1;12;0;1;13;5;
202000044363;154 664 259;B01;1;1;0;2;5;1;5;
202000044369;154 664 249;B01;1;1;0;2;1;1;5;
202000044371;154 664 247;A01;3;1;0;1;1;1;5;
202000044376;154 664 236;B01;1;1;0;2;4;15;0;
202000044398;154 664 193;A01;2;1;0;1;1;2;5;
202000044399;154 664 192;B01;2;1;0;2;3;1;5;
202000044401;154 664 188;B01;1;1;0;2;3;16;5;
202000044402;154 664 186;C01;1;1;0;2;1;1;5;
202000044409;154 664 175;B01;1;1;0;2;0;0;5;
202000044422;154 664 149;A01;2;1;14;0;1;1;5;
202000044423;154 664 148;B01;2;1;0;2;6;1;5;
202000044429;154 664 134;A01;2;1;14;0;1;1;5;
202000044431;154 664 132;B01;-1;1;0;2;1;1;0;
202000044461;154 664 091;A01;3;1;0;0;0;1;5;
202000044466;154 664 082;B01;2;1;0;2;0;1;5;
202000044469;154 664 078;A01;0;1;0;2;1;1;5;
202000044475;154 664 070;A01;1;1;0;0;0;1;5;
202000044480;154 664 065;B01;2;1;0;2;1;0;5;
202000044487;154 664 053;B01;3;80;0;2;2;1;3;
202000044488;154 664 050;B01;1;1;0;2;4;2;5;
202000044490;154 664 046;B01;2;1;0;2;5;1;5;
202000044495;154 664 040;B01;3;1;0;0;8;1;5;
202000044518;154 663 979;B01;0;1;0;2;7;0;5;
202000044519;154 663 976;B01;1;1;0;2;8;1;6;
202000044533;154 663 954;B01;1;1;0;2;3;1;5;
202000044538;154 663 943;B01;0;1;0;2;1;13;5;
202000044547;154 663 930;B01;2;1;0;2;1;6;0;
202000044550;154 663 935;B01;2;1;0;2;1;1;5;
202000044552;154 663 923;B01;0;1;0;2;8;15;0;
202000044567;154 663 893;B01;3;1;0;2;1;1;5;
202000044618;154 663 793;B01;3;1;0;2;7;1;5;
202000044619;154 663 790;B01;1;1;0;2;3;1;5;
202000044629;154 663 766;B01;2;1;0;2;1;1;5;
202000044642;154 663 742;B01;3;1;0;2;7;1;5;
202000044645;154 663 738;B01;0;1;0;2;1;26;5;
202000044647;154 663 734;A01;3;1;0;2;5;2;5;
202000044647;154 663 736;B01;0;1;0;0;0;0;0;
202000044648;154 663 733;B01;1;1;0;2;7;1;0;
202000044652;154 663 725;B01;1;1;0;2;4;15;5;
202000044658;154 663 714;A01;1;1;0;2;7;1;5;
202000044660;154 663 711;B01;2;1;0;0;0;0;0;
202000044661;154 663 709;B01;2;1;0;2;2;1;5;
202000044666;154 663 698;B01;3;1;1;0;7;1;5;
202000044673;154 663 688;B01;1;1;0;2;8;1;5;
202000044674;154 663 685;B01;1;80;0;0;0;0;3;
202000044683;154 663 668;B01;1;80;0;2;3;19;3;
202000044689;154 663 655;B01;1;1;0;2;1;1;5;
202000044692;154 663 646;A01;3;1;0;0;0;1;5;
202000044703;154 663 628;B01;3;1;0;2;1;1;5;
202000044705;154 663 624;B01;1;1;0;2;3;1;5;
202000044713;154 663 607;B01;1;1;0;2;1;1;5;
202000044717;154 663 602;B01;2;1;0;2;1;19;5;
202000044718;154 663 600;B01;3;1;0;9;1;16;0;
202000044725;154 663 588;B01;2;80;0;2;1;1;3;
202000044742;154 663 564;A01;1;1;0;1;1;1;5;
202000044752;154 663 551;B01;1;80;0;2;1;1;3;
202000044759;154 663 537;B01;3;1;0;2;8;19;0;
202000044771;154 663 519;B01;1;1;0;2;0;0;5;
202000044775;154 663 520;C01;0;1;0;2;3;2;5;
202000044777;154 663 507;B01;1;1;0;2;1;1;5;
202000044791;154 663 497;B01;3;1;0;2;1;5;0;
202000044796;154 663 473;A01;1;1;0;0;0;0;5;
202000044800;154 663 467;B01;1;1;0;2;8;7;5;
202000044810;154 663 454;A01;3;1;0;2;0;0;5;
202000044811;154 663 448;B01;1;1;0;2;8;2;5;
202000044831;154 663 417;A01;2;1;0;0;0;0;6;
202000044857;154 663 373;B01;0;1;0;0;1;26;5;
202000044857;154 663 374;A01;3;1;0;0;4;26;5;
202000044861;154 663 375;B01;3;1;0;2;3;1;5;
202000044871;154 663 348;B01;1;1;0;2;1;1;5;
202000044875;154 663 367;B01;3;1;0;2;4;1;5;
202000044878;154 663 339;B01;3;1;0;2;1;1;5;
202000044886;154 663 325;A01;1;1;8;0;2;14;5;
202000044889;154 663 332;A01;2;1;0;1;1;1;5;
202000044896;154 663 316;A01;2;1;0;2;1;5;5;
202000044898;154 663 308;A01;1;1;0;2;1;2;5;
202000044901;154 663 302;Z01;2;1;0;1;1;1;5;
202000044905;154 663 297;C01;2;1;0;2;1;1;5;
202000044905;154 663 299;B01;2;1;0;2;1;1;5;
202000044908;154 663 292;A01;2;1;0;2;0;5;5;
202000044910;154 663 287;A01;2;1;0;0;7;0;5;
202000044918;154 663 271;B01;2;1;0;2;8;1;5;
202000044920;154 663 277;B01;1;1;0;2;7;12;5;
202000044927;154 663 257;A01;1;1;0;2;1;1;5;
202000044953;154 663 221;B01;2;1;0;2;1;13;5;
202000044969;154 663 196;B01;0;1;0;0;4;2;5;
202000044978;154 663 179;B01;1;1;0;2;1;16;5;
202000044980;154 663 178;A01;1;1;0;2;8;1;5;
202000044995;154 663 149;B01;1;1;0;2;7;2;5;
202000045001;154 663 142;A01;2;1;0;2;1;1;5;
202000045045;154 663 072;B01;1;1;0;2;7;15;0;
202000045061;154 663 050;A01;0;1;0;0;0;1;5;
202000045068;154 663 030;B01;2;1;1;0;1;1;5;
202000045072;154 663 023;A01;1;1;0;2;7;15;5;
202000045073;154 663 032;B01;2;1;0;0;4;2;5;
202000045083;154 663 024;A01;3;1;0;2;2;15;5;
202000045086;154 663 000;B01;2;1;0;2;1;1;5;
202000045107;154 662 956;B01;3;1;1;2;1;1;5;
202000045152;154 662 880;Y01;1;1;0;2;7;1;5;
202000045163;154 662 856;A01;1;1;0;2;4;12;5;
202000045164;154 662 855;B01;1;1;0;2;1;1;5;
202000045192;154 662 820;A01;3;1;0;2;1;16;5;
202000045192;154 662 824;B01;3;1;0;9;1;1;5;
202000045202;154 662 787;B01;1;1;0;2;1;0;0;
202000045220;154 662 757;A01;3;1;0;2;1;5;0;
202000045261;154 662 681;A01;2;1;0;2;7;1;5;
202000045275;154 662 661;A01;1;1;14;0;7;14;5;
202000045306;154 662 607;A01;3;1;0;0;0;1;5;
202000045313;154 662 599;A01;2;1;0;2;1;9;5;
202000045336;154 662 567;B01;0;1;0;2;3;1;5;
202000045337;154 662 563;B01;1;1;0;2;4;2;5;
202000045348;154 662 536;B01;3;80;0;2;1;19;3;
202000045349;154 662 535;B01;1;1;0;2;1;1;5;
202000045354;154 662 525;A01;3;1;0;0;0;1;5;
202000045370;154 662 503;B01;1;1;0;2;1;9;5;
202000045370;154 662 506;A01;1;1;0;2;7;1;5;
202000045374;154 662 494;B01;1;1;0;2;8;16;5;
202000045377;154 662 490;A01;1;80;12;0;7;12;3;
202000045379;154 662 480;A01;1;80;0;2;1;16;3;
202000045408;154 662 452;B01;1;1;0;2;8;15;5;
202000045435;154 662 394;A01;-1;1;0;2;1;0;0;
202000045435;154 662 395;B01;1;1;0;0;0;0;0;
202000045445;154 662 382;B01;1;1;0;2;1;1;5;
202000045464;154 662 347;A01;0;1;0;2;1;19;5;
202000045477;154 662 330;B01;3;1;0;2;1;1;5;
202000045478;154 662 326;A01;1;1;12;2;1;13;5;
202000045478;154 662 327;B01;2;1;0;2;1;1;5;
202000045492;154 662 303;B01;2;1;0;2;2;1;5;
202000045504;154 662 284;A01;2;1;0;2;1;1;5;
202000045519;154 662 264;B01;2;1;0;2;8;1;5;
202000045527;154 662 247;B01;3;1;0;2;3;26;5;
202000045531;154 662 242;B01;2;1;0;2;4;1;5;
202000045545;154 662 220;B01;2;1;0;2;8;2;5;
202000045564;154 662 194;B01;2;1;0;2;6;11;0;
202000045569;154 662 188;B01;1;1;0;2;4;2;5;
202000045582;154 662 162;A01;2;1;13;0;1;13;5;
202000045584;154 662 158;A01;1;1;0;2;8;2;5;
202000045592;154 662 144;C01;3;1;0;2;6;9;5;
202000045604;154 662 125;B01;2;1;0;2;8;2;5;
202000045614;154 662 107;B01;1;1;0;2;3;1;5;
202000045620;154 662 099;A01;3;80;0;1;1;1;3;
202000045627;154 662 090;B01;1;1;0;2;3;13;5;
202000045647;154 662 059;A01;3;1;0;2;8;19;5;
202000045648;154 662 055;B01;2;1;1;0;1;2;0;
202000045650;154 662 051;A01;1;1;0;9;1;1;5;
202000045665;154 662 025;A01;1;1;0;0;0;1;5;
202000045670;154 662 017;B01;3;1;0;2;1;1;5;
202000045690;154 661 987;B01;2;1;0;9;8;9;5;
202000045693;154 661 984;B01;3;1;14;2;1;14;5;
202000045702;154 661 970;A01;2;1;0;0;0;1;5;
202000045711;154 661 959;A01;3;1;0;5;1;1;5;
202000045713;154 661 956;B01;1;1;0;2;4;19;0;
202000045751;154 661 895;B01;3;1;0;0;4;2;5;
202000045751;154 661 896;A01;3;1;0;2;1;2;5;
202000045774;154 661 848;B01;1;1;0;2;1;1;0;
202000045802;154 661 799;B01;1;1;0;2;1;0;5;
202000045803;154 661 798;B01;2;1;0;2;8;19;5;
202000045807;154 661 793;C01;2;1;0;2;1;15;5;
202000045854;154 661 694;A01;2;1;0;2;1;2;5;
202000045856;154 661 690;B01;2;1;0;2;1;1;6;
202000045858;154 661 688;B01;3;1;0;2;0;0;0;
202000045859;154 661 686;A01;2;1;8;0;0;1;5;
202000045863;154 661 678;A01;2;1;0;2;1;25;5;
202000045865;154 661 675;B01;2;1;0;2;1;23;5;
202000045869;154 661 668;A01;0;1;0;2;1;1;1;
202000045870;154 661 665;B01;1;1;0;2;8;9;5;
202000045876;154 661 650;A01;2;1;12;0;1;14;5;
202000045879;154 661 645;A01;1;1;0;2;5;19;5;
202000045879;154 661 646;B01;1;1;0;2;6;9;5;
202000045883;154 661 639;B01;2;1;0;1;1;13;5;
202000045885;154 661 635;A01;1;1;1;0;1;14;5;
202000045895;154 661 619;B01;0;1;0;2;0;0;5;
202000045901;154 661 608;B01;3;1;0;2;1;1;5;
202000045905;154 661 600;B01;1;1;0;2;4;1;5;
202000045918;154 661 572;B01;2;1;0;2;1;1;5;
202000045939;154 661 537;B01;1;1;0;2;1;17;5;
202000045942;154 661 530;B01;2;1;0;2;1;1;5;
202000045943;154 661 529;A01;3;1;0;0;1;1;5;
202000045944;154 661 527;A01;2;1;0;2;2;16;5;
202000045944;154 661 528;B01;1;1;0;2;1;1;5;
202000045946;154 661 523;B01;1;1;0;2;4;1;5;
202000045946;154 661 524;A01;1;1;0;2;3;2;5;
202000045947;154 661 522;A01;1;1;0;0;2;21;5;
202000045961;154 661 498;B01;1;1;0;2;3;1;5;
202000045966;154 661 488;B01;1;1;0;0;1;1;5;
202000045967;154 661 486;B01;1;1;0;2;0;0;5;
202000045968;154 661 484;B01;1;1;0;2;7;26;5;
202000045979;154 661 463;A01;3;1;0;0;8;19;5;
202000045981;154 661 460;B01;0;1;0;2;8;1;5;
202000045982;154 661 458;A01;2;1;0;0;1;1;5;
202000045983;154 661 457;B01;3;1;0;2;1;1;5;
202000045989;154 661 447;A01;3;1;0;0;3;1;5;
202000045999;154 661 424;A01;2;1;0;2;2;26;5;
202000046053;154 661 336;A01;1;1;0;0;6;1;5;
202000046075;154 661 295;B01;3;1;0;2;1;2;5;
202000046095;154 661 256;B01;2;1;0;2;2;2;5;
202000046103;154 661 242;B01;1;1;0;2;7;1;5;
202000046105;154 661 238;A01;1;1;0;1;1;1;5;
202000046106;154 661 237;A01;1;1;0;2;8;13;5;
202000046158;154 661 136;A01;2;1;1;0;2;1;5;
202000046200;154 661 053;B01;2;1;0;2;1;5;5;
202000046200;154 661 054;C01;2;1;0;2;1;5;5;
202000046201;154 661 051;B01;1;1;0;2;4;1;5;
202000046202;154 661 048;B01;1;1;0;2;1;19;5;
202000046209;154 661 034;D01;1;1;0;9;2;0;5;
202000046214;154 661 029;A01;2;80;0;1;8;25;3;
202000046215;154 661 028;A01;2;1;0;2;8;1;5;
202000046218;154 661 022;B01;2;1;0;2;1;1;6;
202000046242;154 660 981;B01;2;1;0;2;1;1;5;
202000046243;154 660 978;B01;3;1;0;2;8;19;5;
202000046247;154 660 971;B01;2;1;0;2;7;1;5;
202000046248;154 660 970;A01;1;1;0;2;1;5;5;
202000046250;154 660 965;A01;2;1;0;2;2;7;5;
202000046252;154 660 961;B01;1;1;0;2;8;9;5;
202000046254;154 660 958;B01;2;1;0;2;3;17;5;
202000046254;154 660 959;A01;1;1;0;2;3;1;5;
202000046255;154 660 957;A01;2;1;0;1;1;1;5;
202000046257;154 660 955;B01;1;1;1;0;7;1;5;
202000046287;154 660 903;A01;1;1;0;0;0;2;5;
202000046295;154 660 891;B01;2;1;0;2;8;1;5;
202000046296;154 660 889;A01;3;1;0;2;1;1;5;
202000046299;154 660 882;A01;1;1;0;0;3;15;5;
202000046302;154 660 876;A01;1;1;0;2;1;2;5;
202000046313;154 660 860;A01;2;1;0;2;1;1;5;
202000046322;154 660 845;B01;2;1;0;2;1;1;5;
202000046362;154 660 763;B01;2;1;0;2;8;2;5;
202000046377;154 660 739;A01;3;1;1;0;2;26;5;
202000046381;154 660 732;B01;3;1;1;2;8;19;5;
202000046382;154 660 730;B01;2;1;0;2;1;1;5;
202000046385;154 660 724;A01;2;80;0;0;1;1;3;
202000046390;154 660 716;A01;1;1;0;2;2;0;5;
202000046391;154 660 715;A01;2;1;13;0;0;0;5;
202000046392;154 660 714;A01;2;1;13;0;1;15;5;
202000046395;154 660 710;B01;2;1;0;2;8;2;5;
202000046426;154 660 652;B01;2;1;0;2;3;2;5;
202000046432;154 660 642;A01;1;1;0;2;1;0;5;
202000046500;154 660 514;B01;2;1;0;2;2;1;5;
202000046501;154 660 512;B01;3;1;0;2;8;9;5;
202000046502;154 660 516;A01;1;1;0;2;8;7;5;
202000046528;154 660 471;A01;1;1;0;2;1;13;5;
202000046535;154 660 459;A01;2;1;0;5;7;1;5;
202000046537;154 660 456;B01;0;1;0;2;1;1;0;
202000046541;154 660 452;A01;2;1;0;2;1;2;0;
202000046549;154 660 436;B01;1;1;0;2;8;19;5;
202000046554;154 660 426;B01;2;1;0;2;7;2;5;
202000046569;154 660 396;A01;1;1;0;2;1;1;5;
202000046569;154 660 400;B01;2;1;0;2;1;1;5;
202000046582;154 660 376;B01;1;1;0;2;1;1;5;
202000046594;154 660 358;A01;2;1;1;0;0;1;5;
202000046603;154 660 335;A01;1;1;0;2;8;19;5;
202000046605;154 660 334;A01;1;80;0;0;8;10;3;
202000046612;154 660 328;B01;1;1;0;2;8;0;5;
202000046613;154 660 325;A01;1;1;0;2;1;13;5;
202000046623;154 660 314;B01;2;1;0;2;8;1;5;
202000046631;154 660 294;B01;1;1;0;2;3;1;5;
202000046633;154 660 290;B01;2;1;0;2;7;12;5;
202000046636;154 660 285;B01;1;1;1;0;1;1;5;
202000046637;154 660 284;A01;2;1;12;0;1;12;5;
202000046641;154 660 275;B01;2;1;0;2;1;19;5;
202000046655;154 660 252;A01;2;1;0;0;0;21;5;
202000046658;154 660 248;A01;1;1;0;2;2;1;5;
202000046673;154 660 223;B01;2;1;0;2;8;0;5;
202000046687;154 660 192;B01;2;1;0;2;4;1;5;
202000046690;154 660 189;A01;3;1;0;2;3;19;5;
202000046694;154 660 202;A01;2;1;0;2;1;1;5;
202000046698;154 660 176;A01;2;1;0;0;0;1;5;
202000046705;154 660 163;A01;2;1;0;0;0;1;5;
202000046711;154 660 145;A01;1;80;12;0;1;14;3;
202000046742;154 660 120;B01;3;1;0;2;7;1;5;
202000046761;154 660 061;B01;3;1;0;2;1;2;5;
202000046764;154 660 056;B01;2;1;0;2;8;1;5;
202000046772;154 660 053;B01;1;1;0;2;3;1;5;
202000046784;154 660 018;A01;0;1;0;0;0;1;5;
202000046785;154 660 015;A01;1;1;0;1;1;26;0;
202000046804;154 660 006;A01;2;1;0;2;7;12;5;
202000046824;154 659 963;B01;3;1;0;2;8;1;5;
202000046836;154 659 945;A01;3;1;0;2;2;6;5;
202000046850;154 659 914;A01;2;80;0;0;0;1;3;
202000046854;154 659 922;A01;2;80;0;2;1;26;3;
202000046875;154 659 880;B01;1;1;0;0;0;1;0;
202000046881;154 659 868;B01;1;1;14;0;1;21;5;
202000046895;154 659 852;B01;3;1;0;2;3;19;5;
202000046897;154 659 848;B01;3;1;0;2;1;1;5;
202000046902;154 659 837;A01;3;1;12;0;2;14;5;
202000046904;154 659 835;B01;0;1;0;2;1;1;5;
202000046925;154 659 792;A01;1;1;0;2;2;26;5;
202000046929;154 659 784;A01;1;1;0;0;7;1;5;
202000046945;154 659 765;A01;3;1;12;0;0;14;5;
202000046950;154 659 743;A01;1;1;0;0;0;26;5;
202000046951;154 659 739;B01;1;1;0;2;7;0;5;
202000046953;154 659 736;B01;1;1;1;2;2;21;0;
202000046963;154 659 742;A01;3;1;0;9;0;1;5;
202000046965;154 659 732;B01;3;1;0;2;3;2;5;
202000046993;154 659 673;B01;2;1;0;0;4;1;5;
202000047011;154 659 635;B01;1;1;0;2;8;1;5;
202000047028;154 659 616;B01;2;1;0;2;4;1;0;
202000047031;154 659 610;B01;1;1;0;2;9;13;5;
202000047032;154 659 622;B01;3;1;0;2;2;19;5;
202000047048;154 659 575;A01;2;1;0;2;8;1;5;
202000047057;154 659 571;A01;1;1;0;2;0;1;5;
202000047069;154 659 549;A01;3;1;0;0;0;1;5;
202000047079;154 659 544;B01;1;1;0;2;1;1;6;
202000047090;154 659 518;Z01;1;1;0;2;0;2;5;
202000047101;154 659 501;A01;1;1;0;1;7;1;5;
202000047115;154 659 474;A01;1;1;0;2;1;13;5;
202000047115;154 659 476;B01;2;1;0;2;1;1;5;
202000047118;154 659 470;B01;3;1;0;2;1;1;0;
202000047124;154 659 457;A01;2;1;0;2;3;13;5;
202000047128;154 659 443;B01;1;1;0;2;8;2;5;
202000047132;154 659 460;B01;1;1;0;0;4;1;5;
202000047159;154 659 392;B01;1;1;0;2;0;17;5;
202000047179;154 659 378;B01;0;1;0;2;3;1;5;
202000047181;154 659 346;A01;3;1;0;2;1;1;5;
202000047181;154 659 347;B01;3;1;0;2;1;1;5;
202000047184;154 659 340;Y01;1;1;0;2;3;1;5;
202000047193;154 659 326;B01;2;1;0;2;4;1;5;
202000047202;154 659 309;B01;2;1;0;2;7;1;5;
202000047204;154 659 297;A01;1;1;0;1;1;1;5;
202000047219;154 659 276;A01;0;1;0;2;1;15;5;
202000047229;154 659 261;B01;0;1;1;0;2;1;5;
202000047243;154 659 228;B01;2;1;0;2;1;19;5;
202000047246;154 659 251;A01;1;1;0;2;8;17;5;
202000047248;154 659 241;Y01;1;1;0;2;1;9;0;
202000047259;154 659 211;B01;1;1;0;2;8;2;5;
202000047299;154 659 154;A01;1;80;0;9;1;21;3;
202000047306;154 659 124;B01;1;1;0;2;1;1;5;
202000047330;154 659 081;B01;1;1;0;2;1;1;5;
202000047335;154 659 070;A01;1;1;0;5;7;1;5;
202000047342;154 659 064;B01;1;1;0;2;1;26;5;
202000047343;154 659 060;A01;2;1;0;0;0;21;5;
202000047345;154 659 056;B01;1;1;0;2;4;1;5;
202000047350;154 659 085;B01;2;1;0;2;3;1;5;
202000047371;154 659 010;A01;2;1;0;2;7;5;5;
202000047374;154 659 018;A01;2;1;0;0;0;1;0;
202000047380;154 658 994;B01;2;1;0;2;1;1;5;
202000047383;154 658 993;A01;1;1;0;1;8;1;5;
202000047387;154 658 986;B01;2;1;0;2;0;1;5;
202000047390;154 658 981;B01;2;80;0;0;8;0;3;
202000047393;154 658 977;B01;-1;1;0;0;6;9;5;
202000047397;154 658 968;B01;1;1;0;2;1;14;5;
202000047398;154 658 970;B01;1;1;0;2;1;1;5;
202000047399;154 658 967;B01;3;1;0;2;8;9;5;
202000047401;154 658 963;B01;1;1;0;2;1;1;5;
202000047410;154 658 953;B01;2;1;0;2;8;19;5;
202000047412;154 658 945;A01;1;1;0;0;0;21;5;
202000047422;154 658 932;B01;2;1;0;2;1;1;5;
202000047425;154 658 923;B01;2;1;0;2;1;1;5;
202000047441;154 658 905;A01;2;1;0;2;7;15;5;
202000047453;154 658 872;B01;1;1;1;0;1;1;5;
202000047475;154 658 839;B01;1;1;0;2;1;17;5;
202000047478;154 658 833;Z01;2;1;0;1;4;25;5;
202000047489;154 658 824;A01;1;1;0;2;7;15;0;
202000047489;154 658 825;B01;2;1;0;2;1;1;0;
202000047501;154 658 797;B01;2;1;0;2;7;1;5;
202000047511;154 658 772;A01;3;1;14;0;0;0;5;
202000047513;154 658 775;B01;1;1;0;2;8;15;5;
202000047531;154 658 738;A01;3;1;0;2;3;1;5;
202000047532;154 658 736;B01;2;1;0;2;3;15;5;
202000047542;154 658 717;A01;3;1;0;2;1;16;0;
202000047547;154 658 704;B01;3;1;0;2;1;5;5;
202000047569;154 658 671;B01;2;1;0;2;8;15;6;
202000047585;154 658 644;A01;2;80;0;0;0;1;3;
202000047590;154 658 640;B01;3;1;0;2;1;19;6;
202000047602;154 658 618;B01;2;1;0;2;1;1;5;
202000047617;154 658 591;A01;1;1;0;0;0;0;5;
202000047626;154 658 569;A01;2;1;0;1;1;1;5;
202000047631;154 658 560;B01;1;1;0;2;2;1;5;
202000047656;154 658 516;B01;1;1;1;0;3;1;5;
202000047688;154 658 468;B01;1;1;0;2;1;1;5;
202000047714;154 658 417;B01;3;1;0;2;1;1;5;
202000047721;154 658 393;A01;3;1;0;1;1;1;5;
202000047722;154 658 392;B01;1;1;0;2;2;1;5;
202000047730;154 658 376;B01;2;1;0;2;1;1;5;